"Activity Date","Process Date","Settle Date","Instrument","Description","Trans Code","Quantity","Price","Amount"
"4/23/2026","4/23/2026","4/24/2026","QXO","QXO
CUSIP: 82846H405","Buy","50","$22.20","($1,109.76)"
"4/23/2026","4/23/2026","4/24/2026","MSOS","MSOS 1/21/2028 Call $13.00","STO","2","$0.91","$181.90"
"4/23/2026","4/23/2026","4/24/2026","MSOS","MSOS 1/21/2028 Call $10.00","BTO","2","$1.11","($222.08)"
"4/23/2026","4/23/2026","4/24/2026","QXO","QXO
CUSIP: 82846H405","Buy","5","$21.74","($108.73)"
"4/23/2026","4/23/2026","4/24/2026","SMR","NuScale Power
CUSIP: 67079K100","Sell","100","$12.32","$1,231.95"
"4/23/2026","4/23/2026","4/24/2026","SMR","SMR 5/22/2026 Call $14.00","BTC","1","$1.10","($110.04)"
"4/23/2026","4/23/2026","4/24/2026","CLSK","CLSK 1/15/2027 Call $35.00","BTC","1","$0.67","($67.04)"
"4/23/2026","4/23/2026","4/24/2026","CLSK","CLSK 1/15/2027 Call $25.00","STC","1","$1.24","$123.94"
"4/23/2026","4/23/2026","4/24/2026","NOW","NOW 1/15/2027 Put $150.00","STO","1","$64.65","$6,464.81"
"4/23/2026","4/23/2026","4/24/2026","NOW","NOW 1/15/2027 Put $140.00","BTO","1","$55.45","($5,545.04)"
"4/23/2026","4/23/2026","4/24/2026","MSOS","MSOS 1/21/2028 Call $13.00","STO","1","$1.02","$101.94"
"4/23/2026","4/23/2026","4/24/2026","MSOS","MSOS 1/21/2028 Call $10.00","BTO","1","$1.31","($131.04)"
"4/23/2026","4/23/2026","4/24/2026","MSOS","MSOS 1/21/2028 Call $13.00","STO","1","$1.02","$101.94"
"4/23/2026","4/23/2026","4/24/2026","MSOS","MSOS 1/21/2028 Call $10.00","BTO","1","$1.31","($131.04)"
"4/22/2026","4/22/2026","4/23/2026","QS","QuantumScape Corporation
CUSIP: 74767V109","Buy","10","$8.22","($82.20)"
"4/22/2026","4/22/2026","4/23/2026","QXO","QXO
CUSIP: 82846H405","Buy","5","$21.22","($106.13)"
"4/22/2026","4/22/2026","4/23/2026","QXO","QXO
CUSIP: 82846H405","Buy","10","$21.17","($211.70)"
"4/22/2026","4/22/2026","4/23/2026","QXO","QXO
CUSIP: 82846H405","Buy","5","$21.92","($109.58)"
"4/21/2026","4/21/2026","4/22/2026","VG","VG 6/18/2026 Call $17.50","BTC","1","$0.45","($45.04)"
"4/21/2026","4/21/2026","4/22/2026","CVNA","CVNA 5/15/2026 Put $185.00","STO","1","$0.85","$84.94"
"4/21/2026","4/21/2026","4/22/2026","CVNA","CVNA 5/15/2026 Put $200.00","BTO","1","$1.15","($115.04)"
"4/21/2026","4/21/2026","4/22/2026","QXO","QXO
CUSIP: 82846H405","Buy","5","$22.66","($113.33)"
"4/21/2026","4/21/2026","4/22/2026","VPG","VPG 11/20/2026 Call $60.00","BTC","1","$10.55","($1,055.04)"
"4/21/2026","4/21/2026","4/22/2026","VPG","VPG 11/20/2026 Call $55.00","STC","1","$12.35","$1,234.92"
"4/21/2026","4/21/2026","4/22/2026","META","META 3/19/2027 Put $920.00","BTO","1","$260.53","($26,053.04)"
"4/21/2026","4/21/2026","4/22/2026","META","META 3/19/2027 Put $950.00","STO","1","$286.80","$28,679.35"
"4/21/2026","4/21/2026","4/22/2026","QXO","QXO
CUSIP: 82846H405","Buy","10","$23.12","($231.25)"
"4/21/2026","4/21/2026","4/22/2026","UNH","UNH 1/15/2027 Call $410.00","BTC","1","$19.10","($1,910.04)"
"4/21/2026","4/21/2026","4/22/2026","UNH","UNH 1/15/2027 Call $400.00","STC","1","$21.90","$2,189.90"
"4/21/2026","4/21/2026","4/22/2026","ZM","ZM 1/15/2027 Put $130.00","STC","1","$39.54","$3,953.86"
"4/21/2026","4/21/2026","4/22/2026","ZM","ZM 1/15/2027 Put $140.00","BTC","1","$48.32","($4,832.04)"
"4/21/2026","4/21/2026","4/22/2026","GRAB","Grab
CUSIP: G4124C109","Sell","100","$4.10","$409.99"
"4/21/2026","4/21/2026","4/22/2026","VG","Venture Global
CUSIP: 92333F101","Buy","90","$11.80","($1,062.45)"
"4/21/2026","4/21/2026","4/22/2026","QXO","QXO
CUSIP: 82846H405","Buy","10","$23.85","($238.50)"
"4/20/2026","4/20/2026","4/21/2026","VG","Venture Global
CUSIP: 92333F101","Buy","10","$11.49","($114.90)"
"4/20/2026","4/20/2026","4/21/2026","QXO","QXO 1/21/2028 Call $35.00","BTC","1","$4.48","($448.04)"
"4/20/2026","4/20/2026","4/21/2026","QXO","QXO 1/21/2028 Call $30.00","STC","1","$5.78","$577.93"
"4/20/2026","4/20/2026","4/21/2026","TTD","TTD 1/21/2028 Call $70.00","STO","1","$2.21","$220.94"
"4/20/2026","4/20/2026","4/21/2026","TTD","TTD 1/21/2028 Call $65.00","BTO","1","$2.55","($255.04)"
"4/20/2026","4/20/2026","4/21/2026","TTD","TTD 1/21/2028 Call $70.00","STO","1","$2.18","$217.94"
"4/20/2026","4/20/2026","4/21/2026","TTD","TTD 1/21/2028 Call $65.00","BTO","1","$2.58","($258.04)"
"4/17/2026","4/17/2026","4/20/2026","WULF","WULF 7/17/2026 Call $25.00","STO","1","$2.09","$208.94"
"4/17/2026","4/17/2026","4/20/2026","WULF","WULF 5/15/2026 Call $21.00","BTC","1","$2.01","($201.04)"
"4/17/2026","4/17/2026","4/20/2026","VG","VG 1/21/2028 Call $20.00","STO","1","$2.65","$264.94"
"4/17/2026","4/17/2026","4/20/2026","VG","VG 1/21/2028 Call $15.00","BTO","1","$3.60","($360.04)"
"4/17/2026","4/17/2026","4/20/2026","BMNR","BMNR 1/15/2027 Call $100.00","STO","1","$0.52","$51.94"
"4/17/2026","4/17/2026","4/20/2026","BMNR","BMNR 1/15/2027 Call $75.00","BTO","1","$0.90","($90.04)"
"4/17/2026","4/17/2026","4/17/2026","","Cash reward","MISC","","","$1.00"
"4/17/2026","4/17/2026","4/20/2026","SBET","SBET 1/15/2027 Call $50.00","BTO","2","$0.28","($56.08)"
"4/17/2026","4/17/2026","4/20/2026","MSTR","MSTR 1/15/2027 Put $270.00","BTO","1","$116.15","($11,615.04)"
"4/17/2026","4/17/2026","4/20/2026","MSTR","MSTR 1/15/2027 Put $280.00","STO","1","$124.30","$12,429.69"
"4/17/2026","4/17/2026","4/20/2026","ZM","ZM 1/15/2027 Put $140.00","STO","2","$53.00","$10,599.69"
"4/17/2026","4/17/2026","4/20/2026","ZM","ZM 1/15/2027 Put $130.00","BTO","2","$43.90","($8,780.08)"
"4/17/2026","4/17/2026","4/20/2026","ZM","ZM 1/15/2027 Put $130.00","BTO","1","$43.87","($4,387.04)"
"4/17/2026","4/17/2026","4/20/2026","ZM","ZM 1/15/2027 Put $140.00","STO","1","$52.99","$5,298.84"
"4/17/2026","4/17/2026","4/20/2026","ZM","ZM 1/15/2027 Put $130.00","BTO","1","$43.88","($4,388.04)"
"4/17/2026","4/17/2026","4/20/2026","ZM","ZM 1/15/2027 Put $140.00","STO","1","$52.98","$5,297.84"
"4/17/2026","4/17/2026","4/20/2026","NOW","NOW 1/15/2027 Put $140.00","BTO","2","$46.48","($9,296.08)"
"4/17/2026","4/17/2026","4/20/2026","NOW","NOW 1/15/2027 Put $150.00","STO","2","$54.98","$10,995.68"
"4/17/2026","4/17/2026","4/20/2026","BTBT","Bit Digital
CUSIP: G1144A105","Buy","100","$1.62","($162.50)"
"4/17/2026","4/17/2026","4/20/2026","SOFI","SOFI 5/1/2026 Call $21.50","BTC","1","$0.78","($78.04)"
"4/17/2026","4/17/2026","4/20/2026","SOFI","SOFI 5/29/2026 Call $23.00","STO","1","$0.82","$81.94"
"4/17/2026","4/17/2026","4/20/2026","ZETA","ZETA 1/21/2028 Call $35.00","STO","1","$3.57","$356.94"
"4/17/2026","4/17/2026","4/20/2026","ZETA","ZETA 1/21/2028 Call $30.00","BTO","1","$4.32","($432.04)"
"4/17/2026","4/17/2026","4/20/2026","SMR","SMR 1/21/2028 Call $50.00","STO","1","$2.77","$276.94"
"4/17/2026","4/17/2026","4/20/2026","SMR","SMR 1/21/2028 Call $40.00","BTO","1","$3.37","($337.04)"
"4/17/2026","4/17/2026","4/20/2026","BMNR","BMNR 1/21/2028 Call $85.00","BTO","1","$3.07","($307.04)"
"4/17/2026","4/17/2026","4/20/2026","BMNR","BMNR 1/21/2028 Call $90.00","STO","1","$2.82","$281.94"
"4/16/2026","4/16/2026","4/17/2026","SOFI","SOFI 1/15/2027 Put $30.00","BTO","2","$11.70","($2,340.08)"
"4/16/2026","4/16/2026","4/17/2026","SOFI","SOFI 1/15/2027 Put $35.00","STO","2","$16.10","$3,219.84"
"4/16/2026","4/16/2026","4/17/2026","SOFI","SOFI 5/1/2026 Call $21.50","STO","1","$0.42","$41.94"
"4/15/2026","4/15/2026","4/16/2026","SBET","SBET 1/15/2027 Call $55.00","STO","99","$0.16","$1,579.67"
"4/15/2026","4/15/2026","4/16/2026","SBET","SBET 1/15/2027 Call $50.00","BTO","99","$0.18","($1,785.96)"
"4/15/2026","4/15/2026","4/16/2026","SBET","SBET 1/15/2027 Call $55.00","STO","1","$0.15","$14.94"
"4/15/2026","4/15/2026","4/16/2026","SBET","SBET 1/15/2027 Call $50.00","BTO","1","$0.17","($17.04)"
"4/15/2026","4/15/2026","4/16/2026","SBET","SBET 1/15/2027 Call $50.00","BTO","6","$0.19","($114.24)"
"4/15/2026","4/15/2026","4/16/2026","SBET","SBET 1/15/2027 Call $50.00","BTO","1","$0.20","($20.04)"
"4/15/2026","4/15/2026","4/16/2026","SBET","SBET 1/15/2027 Call $50.00","BTO","2","$0.35","($70.08)"
"4/15/2026","4/15/2026","4/16/2026","ENPH","ENPH 12/15/2028 Call $75.00","STO","1","$6.65","$664.93"
"4/15/2026","4/15/2026","4/16/2026","ENPH","ENPH 12/15/2028 Call $70.00","BTO","1","$7.20","($720.04)"
"4/15/2026","4/15/2026","4/16/2026","ENPH","ENPH 12/15/2028 Call $75.00","STO","1","$6.65","$664.93"
"4/15/2026","4/15/2026","4/16/2026","ENPH","ENPH 12/15/2028 Call $70.00","BTO","1","$7.20","($720.04)"
"4/15/2026","4/15/2026","4/16/2026","ENPH","ENPH 12/15/2028 Call $75.00","STO","1","$6.63","$662.93"
"4/15/2026","4/15/2026","4/16/2026","ENPH","ENPH 12/15/2028 Call $70.00","BTO","1","$7.23","($723.04)"
"4/15/2026","4/15/2026","4/16/2026","ENPH","ENPH 12/15/2028 Call $75.00","STO","2","$6.63","$1,325.88"
"4/15/2026","4/15/2026","4/16/2026","ENPH","ENPH 12/15/2028 Call $70.00","BTO","2","$7.39","($1,478.08)"
"4/15/2026","4/15/2026","4/16/2026","TTD","TTD 1/21/2028 Call $70.00","STO","1","$2.13","$212.94"
"4/15/2026","4/15/2026","4/16/2026","TTD","TTD 1/21/2028 Call $65.00","BTO","1","$2.41","($241.04)"
"4/15/2026","4/15/2026","4/16/2026","SANA","SANA 1/21/2028 Call $5.00","BTO","1","$1.75","($175.04)"
"4/15/2026","4/15/2026","4/16/2026","PYPL","PYPL 1/15/2027 Call $85.00","STO","10","$0.46","$459.56"
"4/15/2026","4/15/2026","4/16/2026","PYPL","PYPL 1/15/2027 Call $80.00","BTO","10","$0.67","($670.40)"
"4/14/2026","4/14/2026","4/15/2026","ADBE","ADBE 1/15/2027 Call $410.00","STO","1","$4.05","$404.94"
"4/14/2026","4/14/2026","4/15/2026","ADBE","ADBE 1/15/2027 Call $400.00","BTO","1","$4.60","($460.04)"
"4/14/2026","4/14/2026","4/15/2026","CRWV","CRWV 1/15/2027 Put $130.00","STC","1","$40.43","$4,042.86"
"4/14/2026","4/14/2026","4/15/2026","CRWV","CRWV 1/15/2027 Put $150.00","BTC","1","$54.13","($5,413.04)"
"4/14/2026","4/14/2026","4/15/2026","QS","QS 1/21/2028 Call $25.00","STO","1","$0.96","$95.94"
"4/14/2026","4/14/2026","4/15/2026","QS","QS 1/21/2028 Call $20.00","BTO","1","$1.18","($118.04)"
"4/14/2026","4/14/2026","4/15/2026","QS","QS 1/21/2028 Call $25.00","STO","1","$0.96","$95.94"
"4/14/2026","4/14/2026","4/15/2026","QS","QS 1/21/2028 Call $20.00","BTO","1","$1.18","($118.04)"
"4/14/2026","4/14/2026","4/15/2026","ZETA","ZETA 1/21/2028 Call $35.00","STO","1","$2.65","$264.94"
"4/14/2026","4/14/2026","4/15/2026","ZETA","ZETA 1/21/2028 Call $30.00","BTO","1","$3.30","($330.04)"
"4/14/2026","4/14/2026","4/15/2026","SMR","SMR 1/21/2028 Call $50.00","STO","2","$2.01","$401.90"
"4/14/2026","4/14/2026","4/15/2026","SMR","SMR 1/21/2028 Call $40.00","BTO","2","$2.44","($488.08)"
"4/14/2026","4/14/2026","4/15/2026","SMR","SMR 5/22/2026 Call $14.00","STO","1","$0.55","$54.94"
"4/14/2026","4/14/2026","4/15/2026","ADBE","ADBE 1/15/2027 Call $410.00","STO","1","$3.95","$394.94"
"4/14/2026","4/14/2026","4/15/2026","ADBE","ADBE 1/15/2027 Call $400.00","BTO","1","$4.65","($465.04)"
"4/14/2026","4/14/2026","4/15/2026","ADBE","ADBE 1/15/2027 Call $410.00","STO","1","$3.65","$364.94"
"4/14/2026","4/14/2026","4/15/2026","ADBE","ADBE 1/15/2027 Call $400.00","BTO","1","$4.55","($455.04)"
"4/14/2026","4/14/2026","4/15/2026","SMR","NuScale Power
CUSIP: 67079K100","Buy","100","$10.98","($1,098.50)"
"4/14/2026","4/14/2026","4/15/2026","RR","Richtech Robotics
CUSIP: 765504105","Buy","100","$2.16","($215.50)"
"4/13/2026","4/13/2026","4/14/2026","DLO","DLocal
CUSIP: G29018101","Buy","10","$13.69","($136.92)"
"4/13/2026","4/13/2026","4/14/2026","KEEL","KEEL 1/21/2028 Call $5.00","BTO","1","$0.78","($78.04)"
"4/13/2026","4/13/2026","4/14/2026","MSFT","MSFT 12/15/2028 Call $505.00","STO","1","$49.22","$4,921.84"
"4/13/2026","4/13/2026","4/14/2026","MSFT","MSFT 12/15/2028 Call $500.00","BTO","1","$50.57","($5,057.04)"
"4/13/2026","4/13/2026","4/14/2026","DUOL","DUOL 1/21/2028 Call $310.00","STO","1","$9.75","$974.92"
"4/13/2026","4/13/2026","4/14/2026","DUOL","DUOL 1/21/2028 Call $300.00","BTO","1","$10.25","($1,025.04)"
"4/10/2026","4/10/2026","4/13/2026","NOW","NOW 1/21/2028 Call $162.00","STO","1","$8.20","$819.93"
"4/10/2026","4/10/2026","4/13/2026","NOW","NOW 1/21/2028 Call $154.00","BTO","1","$9.20","($920.04)"
"4/9/2026","4/9/2026","4/10/2026","WULF","WULF 5/15/2026 Call $23.00","STO","1","$1.25","$124.94"
"4/9/2026","4/9/2026","4/10/2026","WULF","WULF 4/10/2026 Call $18.50","BTC","1","$1.07","($107.04)"
"4/9/2026","4/9/2026","4/10/2026","BMNR","BMNR 1/15/2027 Call $75.00","BTO","1","$0.82","($82.04)"
"4/9/2026","4/9/2026","4/10/2026","BMNR","BMNR 1/15/2027 Call $100.00","STO","1","$0.47","$46.94"
"4/9/2026","4/9/2026","4/10/2026","MSFT","MSFT 12/15/2028 Call $505.00","STO","1","$42.78","$4,277.86"
"4/9/2026","4/9/2026","4/10/2026","MSFT","MSFT 12/15/2028 Call $500.00","BTO","1","$44.08","($4,408.04)"
"4/9/2026","4/9/2026","4/10/2026","MSFT","MSFT 12/15/2028 Call $500.00","BTO","1","$44.18","($4,418.04)"
"4/9/2026","4/9/2026","4/10/2026","MSFT","MSFT 12/15/2028 Call $505.00","STO","1","$42.68","$4,267.86"
"4/9/2026","4/9/2026","4/10/2026","MSFT","MSFT 12/15/2028 Call $505.00","STO","1","$42.67","$4,266.86"
"4/9/2026","4/9/2026","4/10/2026","MSFT","MSFT 12/15/2028 Call $500.00","BTO","1","$44.42","($4,442.04)"
"4/9/2026","4/9/2026","4/10/2026","CVNA","CVNA 5/15/2026 Put $185.00","STO","1","$2.71","$270.94"
"4/9/2026","4/9/2026","4/10/2026","CVNA","CVNA 5/15/2026 Put $200.00","BTO","1","$3.74","($374.04)"
"4/9/2026","4/9/2026","4/10/2026","ADBE","ADBE 1/15/2027 Call $410.00","STO","1","$3.13","$312.94"
"4/9/2026","4/9/2026","4/10/2026","ADBE","ADBE 1/15/2027 Call $400.00","BTO","1","$3.58","($358.04)"
"4/9/2026","4/9/2026","4/10/2026","ADBE","ADBE 1/15/2027 Call $410.00","STO","1","$3.11","$310.94"
"4/9/2026","4/9/2026","4/10/2026","ADBE","ADBE 1/15/2027 Call $400.00","BTO","1","$3.61","($361.04)"
"4/8/2026","4/8/2026","4/9/2026","","Mark to market","MTM","","","($63.00)"
"4/8/2026","4/8/2026","4/9/2026","CAVA","CAVA 1/15/2027 Call $45.00","BTO","1","$46.52","($4,652.04)"
"4/8/2026","4/8/2026","4/9/2026","CAVA","CAVA 1/15/2027 Call $35.00","STO","1","$54.92","$5,491.83"
"4/8/2026","4/8/2026","4/9/2026","AAL","AAL 6/18/2026 Call $12.00","STC","1","$0.93","$92.94"
"4/8/2026","4/8/2026","4/9/2026","WULF","WULF 4/10/2026 Call $18.50","STO","1","$0.17","$16.94"
"4/8/2026","4/8/2026","4/9/2026","MAPS","WM Technology
CUSIP: 92971A109","Sell","200.330914","$0.35","$70.08"
"4/7/2026","4/7/2026","4/8/2026","","Mark to market","MTM","","","$9.00"
"4/7/2026","4/7/2026","4/8/2026","NBIS","NBIS 1/21/2028 Call $160.00","BTC","1","$40.12","($4,012.04)"
"4/7/2026","4/7/2026","4/8/2026","NBIS","NBIS 1/21/2028 Call $150.00","STC","1","$42.37","$4,236.86"
"4/7/2026","4/7/2026","4/8/2026","CAVA","CAVA 1/15/2027 Call $45.00","BTO","2","$40.64","($8,128.08)"
"4/7/2026","4/7/2026","4/8/2026","CAVA","CAVA 1/15/2027 Call $35.00","STO","2","$48.74","$9,747.70"
"4/6/2026","4/6/2026","4/7/2026","","Mark to market","MTM","","","($6.00)"
"4/6/2026","4/6/2026","4/6/2026","","Aggregated Margin Rate","MINT","","","($18.56)"
"4/6/2026","4/6/2026","4/6/2026","KEEL","KEEL 1/21/2028 Call $5.00","OCA","1","",""
"4/6/2026","4/6/2026","4/6/2026","BITF","BITF 1/21/2028 Call $5.00","OCA","1S","",""
"4/2/2026","4/2/2026","4/6/2026","","Mark to market","MTM","","","$29.00"
"4/2/2026","4/2/2026","4/2/2026","SLB","Cash Div: R/D 2026-02-11 P/D 2026-04-02 - 100 shares at 0.295","CDIV","","","$29.50"
"4/2/2026","4/2/2026","4/6/2026","CRWV","CRWV 12/17/2027 Call $110.00","BTC","1","$23.87","($2,387.04)"
"4/2/2026","4/2/2026","4/6/2026","CRWV","CRWV 12/17/2027 Call $100.00","STC","1","$26.07","$2,606.95"
"4/1/2026","4/1/2026","4/2/2026","","Mark to market","MTM","","","($39.00)"
"4/1/2026","4/1/2026","4/1/2026","NVDA","Cash Div: R/D 2026-03-11 P/D 2026-04-01 - 6 shares at 0.01","CDIV","","","$0.06"
"3/31/2026","3/31/2026","4/1/2026","","Mark to market","MTM","","","($56.00)"
"3/31/2026","3/31/2026","3/31/2026","VG","Manufactured Div: R/D 2026-03-16 P/D 2026-03-31 - 98.5755 shares at 0.018","MDIV","","","$1.77"
"3/31/2026","3/31/2026","3/31/2026","VG","Cash Div: R/D 2026-03-16 P/D 2026-03-31 - 1.44512 shares at 0.018","CDIV","","","$0.03"
"3/31/2026","3/31/2026","3/31/2026","AMKR","Cash Div: R/D 2026-03-12 P/D 2026-03-31 - 100 shares at 0.08352","CDIV","","","$8.35"
"3/31/2026","3/31/2026","3/31/2026","","Gold Deposit Boost Payment","GDBP","","","$0.87"
"3/31/2026","3/31/2026","4/1/2026","HOOD","Robinhood Markets
CUSIP: 770700102","Buy","5","$68.94","($344.70)"
"3/31/2026","3/31/2026","4/1/2026","NVO","NVO 1/15/2027 Put $70.00","OEXCS","1S","",""
"3/31/2026","3/31/2026","4/1/2026","NVO","Novo Nordisk
CUSIP: 670100205
1 NVO Option Exercised","Sell","100","$70.00","$6,999.98"
"3/30/2026","3/30/2026","3/31/2026","","Mark to market","MTM","","","$12.00"
"3/30/2026","3/30/2026","3/31/2026","NVO","NVO 1/15/2027 Put $80.00","OASGN","1","",""
"3/30/2026","3/30/2026","3/31/2026","NVO","Novo Nordisk
CUSIP: 670100205
1 NVO Option Assigned","Buy","100","$80.00","($8,000.00)"
"3/30/2026","3/30/2026","3/31/2026","CIFR","Cipher Mining
CUSIP: 17253J106","Sell","100","$12.04","$1,204.48"
"3/30/2026","3/30/2026","3/31/2026","CIFR","CIFR 1/15/2027 Call $35.00","BTC","1","$1.05","($105.04)"
"3/30/2026","3/30/2026","3/31/2026","CIFR","CIFR 5/1/2026 Call $19.00","BTC","1","$0.21","($21.04)"
"3/30/2026","3/30/2026","3/31/2026","HOOD","Robinhood Markets
CUSIP: 770700102","Buy","2","$67.01","($134.02)"
"3/30/2026","3/30/2026","3/31/2026","ABCL","Abcellera Biologics
CUSIP: 00288U106","Sell","100","$3.28","$327.98"
"3/30/2026","3/30/2026","3/31/2026","GRAB","Grab
CUSIP: G4124C109","Sell","100","$3.56","$355.48"
"3/30/2026","3/30/2026","3/31/2026","PPTA","Perpetua Resources
CUSIP: 714266103","Sell","1","$26.48","$26.48"
"3/30/2026","3/30/2026","3/31/2026","TOI","The Oncology Institute
CUSIP: 68236X100","Sell","10","$2.79","$27.90"
"3/30/2026","3/30/2026","3/31/2026","ADBE","ADBE 1/15/2027 Call $410.00","STO","1","$4.55","$454.95"
"3/30/2026","3/30/2026","3/31/2026","ADBE","ADBE 1/15/2027 Call $400.00","BTO","1","$5.30","($530.04)"
"3/30/2026","3/30/2026","3/31/2026","JOBY","JOBY 1/21/2028 Call $32.00","STO","5","$1.04","$519.78"
"3/30/2026","3/30/2026","3/31/2026","JOBY","JOBY 1/21/2028 Call $30.00","BTO","5","$1.12","($560.20)"
"3/27/2026","3/27/2026","3/30/2026","","Mark to market","MTM","","","$41.00"
"3/27/2026","3/27/2026","3/30/2026","SBET","SBET 1/15/2027 Call $55.00","STO","20","$0.16","$319.13"
"3/27/2026","3/27/2026","3/30/2026","SBET","SBET 1/15/2027 Call $50.00","BTO","20","$0.18","($360.80)"
"3/27/2026","3/27/2026","3/30/2026","SBET","SBET 1/15/2027 Call $55.00","STO","12","$0.16","$191.48"
"3/27/2026","3/27/2026","3/30/2026","SBET","SBET 1/15/2027 Call $50.00","BTO","12","$0.18","($216.48)"
"3/27/2026","3/27/2026","3/30/2026","JOBY","JOBY 1/21/2028 Call $32.00","STO","1","$0.98","$97.95"
"3/27/2026","3/27/2026","3/30/2026","JOBY","JOBY 1/21/2028 Call $30.00","BTO","1","$1.08","($108.04)"
"3/27/2026","3/27/2026","3/30/2026","BMNR","BMNR 1/15/2027 Call $75.00","BTO","2","$0.72","($144.08)"
"3/27/2026","3/27/2026","3/30/2026","BMNR","BMNR 1/15/2027 Call $100.00","STO","2","$0.45","$89.91"
"3/27/2026","3/27/2026","3/30/2026","BMNR","BMNR 1/15/2027 Call $100.00","STO","2","$0.45","$89.91"
"3/27/2026","3/27/2026","3/30/2026","BMNR","BMNR 1/15/2027 Call $75.00","BTO","2","$0.72","($144.08)"
"3/27/2026","3/27/2026","3/30/2026","BITF","Bitfarms
CUSIP: 09173B107","Sell","100","$1.92","$191.99"
"3/27/2026","3/27/2026","3/30/2026","BITF","BITF 4/24/2026 Call $3.00","BTC","1","$0.05","($5.04)"
"3/27/2026","3/27/2026","3/30/2026","HOOD","Robinhood Markets
CUSIP: 770700102","Buy","1","$67.88","($67.88)"
"3/27/2026","3/27/2026","3/30/2026","CLSK","CLSK 1/15/2027 Call $20.00","BTC","1","$0.97","($97.04)"
"3/27/2026","3/27/2026","3/30/2026","ONDS","ONDS 1/21/2028 Call $20.00","BTC","1","$2.75","($275.04)"
"3/27/2026","3/27/2026","3/30/2026","ONDS","ONDS 1/21/2028 Call $15.00","STC","1","$3.47","$346.95"
"3/27/2026","3/27/2026","3/30/2026","CVNA","CVNA 5/15/2026 Put $185.00","STO","1","$5.15","$514.95"
"3/27/2026","3/27/2026","3/30/2026","CVNA","CVNA 5/15/2026 Put $200.00","BTO","1","$7.15","($715.04)"
"3/27/2026","3/27/2026","3/30/2026","NBIS","NBIS 1/15/2027 Put $155.00","BTC","1","$66.10","($6,610.04)"
"3/27/2026","3/27/2026","3/30/2026","NBIS","NBIS 1/15/2027 Put $145.00","STC","1","$58.32","$5,831.95"
"3/27/2026","3/27/2026","3/30/2026","WULF","WULF 1/21/2028 Call $22.00","BTC","2","$5.62","($1,124.08)"
"3/27/2026","3/27/2026","3/30/2026","WULF","WULF 1/21/2028 Call $12.00","STC","2","$7.82","$1,563.91"
"3/26/2026","3/26/2026","3/27/2026","","Mark to market","MTM","","","$3.00"
"3/26/2026","3/26/2026","3/27/2026","JOBY","JOBY 1/21/2028 Call $32.00","STO","3","$1.06","$317.87"
"3/26/2026","3/26/2026","3/27/2026","JOBY","JOBY 1/21/2028 Call $30.00","BTO","3","$1.15","($345.12)"
"3/26/2026","3/26/2026","3/27/2026","XPEV","XPEV 1/15/2027 Call $40.00","STO","1","$0.53","$52.95"
"3/26/2026","3/26/2026","3/27/2026","XPEV","XPEV 1/15/2027 Call $35.00","BTO","1","$0.75","($75.04)"
"3/26/2026","3/26/2026","3/27/2026","TLT","TLT 7/17/2026 Call $100.00","BTO","2","$0.16","($32.08)"
"3/26/2026","3/26/2026","3/27/2026","BMNR","BMNR 1/21/2028 Call $90.00","STO","1","$2.86","$285.95"
"3/26/2026","3/26/2026","3/27/2026","BMNR","BMNR 1/21/2028 Call $85.00","BTO","1","$3.06","($306.04)"
"3/26/2026","3/26/2026","3/27/2026","BMNR","BMNR 1/21/2028 Call $90.00","STO","1","$2.86","$285.95"
"3/26/2026","3/26/2026","3/27/2026","BMNR","BMNR 1/21/2028 Call $85.00","BTO","1","$3.06","($306.04)"
"3/26/2026","3/26/2026","3/27/2026","BMNR","BMNR 1/15/2027 Call $100.00","STO","1","$0.47","$46.95"
"3/26/2026","3/26/2026","3/27/2026","BMNR","BMNR 1/15/2027 Call $75.00","BTO","1","$0.81","($81.04)"
"3/26/2026","3/26/2026","3/27/2026","WULF","WULF 3/27/2026 Call $17.50","BTC","1","$0.04","($4.04)"
"3/26/2026","3/26/2026","3/27/2026","QXO","QXO 1/21/2028 Call $35.00","STO","2","$3.10","$619.91"
"3/26/2026","3/26/2026","3/27/2026","QXO","QXO 1/21/2028 Call $30.00","BTO","2","$4.30","($860.08)"
"3/26/2026","3/26/2026","3/26/2026","","Event Contracts Inter-Entity Cash Transfer","FUTSWP","","","($21.54)"
"3/25/2026","3/25/2026","3/26/2026","","Mark to market","MTM","","","($3.00)"
"3/25/2026","3/25/2026","3/26/2026","TOI","The Oncology Institute
CUSIP: 68236X100","Buy","10","$3.12","($31.20)"
"3/25/2026","3/25/2026","3/26/2026","GRAB","GRAB 7/17/2026 Call $5.00","STO","1","$0.11","$10.95"
"3/25/2026","3/25/2026","3/26/2026","GRAB","GRAB 7/17/2026 Call $5.00","STO","1","$0.11","$10.95"
"3/25/2026","3/25/2026","3/26/2026","VG","VG 3/27/2026 Call $19.00","BTC","1","$0.10","($10.04)"
"3/25/2026","3/25/2026","3/26/2026","HOOD","HOOD 1/21/2028 Call $210.00","STO","1","$5.59","$558.95"
"3/25/2026","3/25/2026","3/26/2026","HOOD","HOOD 1/21/2028 Call $200.00","BTO","1","$6.17","($617.04)"
"3/25/2026","3/25/2026","3/26/2026","QXO","QXO 1/21/2028 Call $35.00","BTC","1","$3.35","($335.04)"
"3/25/2026","3/25/2026","3/26/2026","QXO","QXO 1/21/2028 Call $30.00","STC","1","$4.35","$434.95"
"3/25/2026","3/25/2026","3/26/2026","CIFR","CIFR 5/1/2026 Call $19.00","STO","1","$1.15","$114.95"
"3/25/2026","3/25/2026","3/26/2026","META","META 12/15/2028 Call $810.00","STO","1","$105.50","$10,549.95"
"3/25/2026","3/25/2026","3/26/2026","META","META 12/15/2028 Call $800.00","BTO","1","$108.10","($10,810.04)"
"3/24/2026","3/24/2026","3/25/2026","","Mark to market","MTM","","","$10.00"
"3/24/2026","3/24/2026","3/25/2026","SNAP","SNAP 1/21/2028 Call $15.00","STO","2","$0.41","$81.91"
"3/24/2026","3/24/2026","3/25/2026","SNAP","SNAP 1/21/2028 Call $12.00","BTO","2","$0.59","($118.08)"
"3/24/2026","3/24/2026","3/25/2026","DUOL","DUOL 1/21/2028 Call $300.00","BTO","1","$13.93","($1,393.04)"
"3/24/2026","3/24/2026","3/25/2026","DUOL","DUOL 1/21/2028 Call $310.00","STO","1","$13.23","$1,322.95"
"3/24/2026","3/24/2026","3/25/2026","HOOD","Robinhood Markets
CUSIP: 770700102","Buy","2","$69.22","($138.44)"
"3/24/2026","3/24/2026","3/25/2026","WULF","WULF 3/27/2026 Call $17.50","STO","1","$0.32","$31.95"
"3/24/2026","3/24/2026","3/24/2026","","Event Contracts Inter-Entity Cash Transfer","FUTSWP","","","($3.77)"
"3/23/2026","3/23/2026","3/24/2026","AAL","AAL 6/18/2026 Call $12.00","BTO","1","$0.78","($78.04)"
"3/23/2026","3/23/2026","3/24/2026","AAL","Sell_Short - order_execution TAF fee","SS","","","($0.02)"
"3/23/2026","3/23/2026","3/24/2026","GRAB","Grab
CUSIP: G4124C109","Buy","200","$3.70","($739.00)"
"3/20/2026","3/20/2026","3/23/2026","VG","VG 3/27/2026 Call $19.00","STO","1","$0.25","$24.95"
"3/20/2026","3/20/2026","3/23/2026","HOOD","Robinhood Markets
CUSIP: 770700102","Buy","1","$70.42","($70.42)"
"3/20/2026","3/20/2026","3/23/2026","HOOD","Robinhood Markets
CUSIP: 770700102","Buy","2","$70.43","($140.86)"
"3/18/2026","3/18/2026","3/19/2026","VG","VG 1/21/2028 Call $15.00","BTO","1","$6.03","($603.04)"
"3/18/2026","3/18/2026","3/19/2026","VG","VG 1/21/2028 Call $20.00","STO","1","$4.93","$492.95"
"3/18/2026","3/18/2026","3/19/2026","VG","Venture Global
CUSIP: 92333F101","Buy","100","$14.36","($1,436.50)"
"3/18/2026","3/18/2026","3/19/2026","VG","VG 4/2/2026 Call $14.00","BTC","1","$0.95","($95.04)"
"3/18/2026","3/18/2026","3/19/2026","VG","VG 6/18/2026 Call $17.50","STO","1","$1.25","$124.95"
"3/18/2026","3/18/2026","3/19/2026","BITF","BITF 4/24/2026 Call $3.00","STO","1","$0.11","$10.95"
"3/18/2026","3/18/2026","3/19/2026","BITF","Bitfarms
CUSIP: 09173B107","Sell","100","$2.32","$231.48"
"3/17/2026","3/17/2026","3/18/2026","HOOD","HOOD 1/21/2028 Call $200.00","BTO","1","$7.29","($729.04)"
"3/17/2026","3/17/2026","3/18/2026","HOOD","HOOD 1/21/2028 Call $210.00","STO","1","$6.59","$658.95"
"3/17/2026","3/17/2026","3/18/2026","ADBE","ADBE 1/15/2027 Call $410.00","STO","1","$6.50","$649.95"
"3/17/2026","3/17/2026","3/18/2026","ADBE","ADBE 1/15/2027 Call $400.00","BTO","1","$7.38","($738.04)"
"3/16/2026","3/16/2026","3/16/2026","NEE","Cash Div: R/D 2026-02-27 P/D 2026-03-16 - 0.059594 shares at 0.6232","CDIV","","","$0.04"
"3/16/2026","3/16/2026","3/16/2026","GOOG","Cash Div: R/D 2026-03-09 P/D 2026-03-16 - 5.00361 shares at 0.21","CDIV","","","$1.05"
"3/16/2026","3/16/2026","3/17/2026","SOUN","SOUN 1/21/2028 Call $20.00","STO","1","$1.71","$170.95"
"3/16/2026","3/16/2026","3/17/2026","SOUN","SOUN 1/21/2028 Call $10.00","BTO","1","$2.86","($286.04)"
"3/13/2026","3/13/2026","3/16/2026","BMNR","BMNR 1/21/2028 Call $90.00","STO","1","$3.30","$329.95"
"3/13/2026","3/13/2026","3/16/2026","BMNR","BMNR 1/21/2028 Call $85.00","BTO","1","$3.53","($353.04)"
"3/13/2026","3/13/2026","3/16/2026","VG","VG 1/15/2027 Call $20.00","STC","1","$2.20","$219.95"
"3/13/2026","3/13/2026","3/16/2026","HOOD","Robinhood Markets
CUSIP: 770700102","Buy","2","$75.25","($150.50)"
"3/13/2026","3/13/2026","3/16/2026","HOOD","Robinhood Markets
CUSIP: 770700102","Buy","3","$76.68","($230.04)"
"3/13/2026","3/13/2026","3/16/2026","PATH","PATH 5/15/2026 Put $22.00","OEXCS","1S","",""
"3/13/2026","3/13/2026","3/16/2026","PATH","UiPath
CUSIP: 90364P105
1 PATH Option Exercised","Sell","100","$22.00","$2,199.98"
"3/12/2026","3/12/2026","3/13/2026","PATH","PATH 5/15/2026 Put $27.00","OASGN","1","",""
"3/12/2026","3/12/2026","3/13/2026","PATH","UiPath
CUSIP: 90364P105
1 PATH Option Assigned","Buy","100","$27.00","($2,700.00)"
"3/12/2026","3/12/2026","3/13/2026","WULF","WULF 3/13/2026 Call $16.00","BTC","1","$0.03","($3.04)"
"3/11/2026","3/11/2026","3/12/2026","VG","VG 4/2/2026 Call $14.00","STO","1","$0.50","$49.95"
"3/10/2026","3/10/2026","3/11/2026","ENVX","ENVX 1/15/2027 Put $10.00","BTO","2","$5.59","($1,118.08)"
"3/10/2026","3/10/2026","3/11/2026","ENVX","ENVX 1/15/2027 Put $20.00","STO","2","$14.99","$2,997.91"
"3/10/2026","3/10/2026","3/11/2026","WULF","WULF 3/13/2026 Call $16.00","STO","1","$0.17","$16.95"
"3/9/2026","3/9/2026","3/10/2026","OSS","One Stop Systems
CUSIP: 68247W109","Sell","100","$8.36","$836.44"
"3/9/2026","3/9/2026","3/10/2026","OSS","OSS 5/15/2026 Call $17.50","BTC","1","$0.25","($25.04)"
"3/9/2026","3/9/2026","3/10/2026","META","META 1/15/2027 Call $800.00","BTC","1","$39.20","($3,920.04)"
"3/9/2026","3/9/2026","3/10/2026","META","META 1/15/2027 Call $780.00","STC","1","$44.16","$4,415.95"
"3/9/2026","3/9/2026","3/10/2026","CIFR","Cipher Mining
CUSIP: 17253J106","Sell","100","$13.34","$1,333.98"
"3/9/2026","3/9/2026","3/10/2026","QXO","QXO 1/21/2028 Call $35.00","BTC","1","$4.25","($425.04)"
"3/9/2026","3/9/2026","3/10/2026","QXO","QXO 1/21/2028 Call $30.00","STC","1","$5.00","$499.95"
"3/9/2026","3/9/2026","3/10/2026","GOOGL","GOOGL 1/15/2027 Call $205.00","BTC","1","$104.59","($10,459.04)"
"3/9/2026","3/9/2026","3/10/2026","GOOGL","GOOGL 1/15/2027 Call $200.00","STC","1","$108.67","$10,866.95"
"3/9/2026","3/9/2026","3/10/2026","DUOL","DUOL 1/21/2028 Call $300.00","BTO","1","$15.48","($1,548.04)"
"3/9/2026","3/9/2026","3/10/2026","DUOL","DUOL 1/21/2028 Call $310.00","STO","1","$14.78","$1,477.95"
"3/9/2026","3/9/2026","3/10/2026","WULF","WULF 3/13/2026 Call $16.00","BTC","1","$0.11","($11.04)"
"3/6/2026","3/6/2026","3/9/2026","QS","QS 3/6/2026 Call $6.00","OASGN","1","",""
"3/6/2026","3/6/2026","3/9/2026","QS","QuantumScape Corporation
CUSIP: 74767V109
1 QS Option Assigned","Sell","100","$6.00","$599.98"
"3/6/2026","3/6/2026","3/6/2026","PFE","Cash Div: R/D 2026-01-23 P/D 2026-03-06 - 1 shares at 0.43","CDIV","","","$0.43"
"3/6/2026","3/6/2026","3/9/2026","CIFR","CIFR 3/6/2026 Call $15.00","BTC","1","$0.11","($11.04)"
"3/6/2026","3/6/2026","3/6/2026","","Event Contracts Inter-Entity Cash Transfer","FUTSWP","","","$10.00"
"3/4/2026","3/4/2026","3/4/2026","","Aggregated Margin Rate","MINT","","","($12.98)"
"3/3/2026","3/3/2026","3/4/2026","VG","VG 1/15/2027 Call $20.00","STC","1","$1.70","$169.95"
"3/3/2026","3/3/2026","3/4/2026","VG","VG 1/15/2027 Call $20.00","STC","1","$1.55","$154.95"
"3/3/2026","3/3/2026","3/4/2026","QS","QS 3/6/2026 Call $6.00","STO","1","$0.57","$56.95"
"3/3/2026","3/3/2026","3/4/2026","NBIS","Nebius Group
CUSIP: N97284108","Sell","2","$84.52","$169.04"
"3/3/2026","3/3/2026","3/4/2026","QXO","QXO
CUSIP: 82846H405","Sell","10","$21.57","$215.70"
"3/3/2026","3/3/2026","3/4/2026","AMPX","Amprius Technologies
CUSIP: 03214Q108","Sell","10","$11.04","$110.45"
"3/3/2026","3/3/2026","3/4/2026","CIFR","CIFR 3/6/2026 Call $15.00","STO","1","$0.51","$50.95"
"3/3/2026","3/3/2026","3/4/2026","WULF","WULF 3/13/2026 Call $16.00","STO","1","$0.57","$56.95"
"3/3/2026","3/3/2026","3/4/2026","AMPX","Amprius Technologies
CUSIP: 03214Q108","Sell","10","$11.38","$113.80"
"3/2/2026","3/2/2026","3/3/2026","HOOD","Robinhood Markets
CUSIP: 770700102","Buy","2","$79.20","($158.40)"
"3/2/2026","3/2/2026","3/2/2026","","Gold Deposit Boost Payment","GDBP","","","$0.87"
"2/27/2026","2/27/2026","3/2/2026","CIFR","CIFR 2/27/2026 Call $15.50","OASGN","1","",""
"2/27/2026","2/27/2026","3/2/2026","CIFR","Cipher Mining
CUSIP: 17253J106
1 CIFR Option Assigned","Sell","100","$15.50","$1,549.98"
"2/27/2026","2/27/2026","2/27/2026","","Interest Payment","INT","","","$0.10"
"2/27/2026","2/27/2026","3/2/2026","NVDA","NVDA 2/27/2026 Put $190.00","BTC","1","$9.71","($971.04)"
"2/27/2026","2/27/2026","3/2/2026","NVDA","NVDA 3/9/2026 Put $190.00","STC","1","$10.97","$1,096.95"
"2/27/2026","2/27/2026","3/2/2026","NVDA","NVDA 2/27/2026 Call $210.00","BTC","1","$0.01","($1.04)"
"2/27/2026","2/27/2026","3/2/2026","NVDA","NVDA 3/9/2026 Call $210.00","STC","1","$0.15","$14.95"
"2/27/2026","2/27/2026","3/2/2026","NBIS","Nebius Group
CUSIP: N97284108","Sell","2","$93.08","$186.15"
"2/27/2026","2/27/2026","3/2/2026","AMPX","Amprius Technologies
CUSIP: 03214Q108","Sell","80","$10.74","$859.58"
"2/27/2026","2/27/2026","3/2/2026","AMPX","AMPX 3/20/2026 Call $15.00","BTC","1","$0.25","($25.04)"
"2/27/2026","2/27/2026","3/2/2026","SRPT","SRPT 1/15/2027 Put $50.00","OEXCS","2S","",""
"2/27/2026","2/27/2026","3/2/2026","SRPT","Sarepta Therapeutics
CUSIP: 803607100
2 SRPT Options Exercised","Sell","200","$50.00","$9,999.96"
"2/26/2026","2/26/2026","2/27/2026","SRPT","SRPT 1/15/2027 Put $60.00","OASGN","2","",""
"2/26/2026","2/26/2026","2/27/2026","SRPT","Sarepta Therapeutics
CUSIP: 803607100
2 SRPT Options Assigned","Buy","200","$60.00","($12,000.00)"
"2/26/2026","2/26/2026","2/27/2026","VG","VG 4/17/2026 Put $12.50","STC","1","$3.40","$339.95"
"2/26/2026","2/26/2026","2/27/2026","VG","VG 4/17/2026 Put $17.50","BTC","1","$8.20","($820.04)"
"2/26/2026","2/26/2026","2/27/2026","VG","VG 4/17/2026 Put $12.50","STC","1","$3.35","$334.95"
"2/26/2026","2/26/2026","2/27/2026","VG","VG 4/17/2026 Put $17.50","BTC","1","$8.06","($806.04)"
"2/26/2026","2/26/2026","2/27/2026","VG","VG 4/17/2026 Put $17.50","BTC","1","$8.06","($806.04)"
"2/26/2026","2/26/2026","2/27/2026","VG","VG 4/17/2026 Put $12.50","STC","1","$3.35","$334.95"
"2/26/2026","2/26/2026","2/27/2026","NVDA","NVDA 2/27/2026 Put $190.00","BTC","1","$5.13","($513.04)"
"2/26/2026","2/26/2026","2/27/2026","NVDA","NVDA 3/9/2026 Put $190.00","STC","1","$7.64","$763.95"
"2/26/2026","2/26/2026","2/27/2026","NVDA","NVDA 2/27/2026 Call $210.00","BTC","1","$0.04","($4.04)"
"2/26/2026","2/26/2026","2/27/2026","NVDA","NVDA 3/9/2026 Call $210.00","STC","1","$0.34","$33.95"
"2/26/2026","2/26/2026","2/27/2026","NVDA","NVDA 2/27/2026 Put $190.00","BTC","1","$3.33","($333.04)"
"2/26/2026","2/26/2026","2/27/2026","NVDA","NVDA 3/9/2026 Put $190.00","STC","1","$5.96","$595.95"
"2/26/2026","2/26/2026","2/27/2026","NVDA","NVDA 2/27/2026 Call $210.00","BTC","1","$0.07","($7.04)"
"2/26/2026","2/26/2026","2/27/2026","NVDA","NVDA 3/9/2026 Call $210.00","STC","1","$0.44","$43.95"
"2/25/2026","2/25/2026","2/26/2026","NVDA","NVDA 2/27/2026 Call $210.00","STO","2","$1.28","$255.91"
"2/25/2026","2/25/2026","2/26/2026","NVDA","NVDA 2/27/2026 Put $190.00","STO","2","$3.02","$603.91"
"2/25/2026","2/25/2026","2/26/2026","NVDA","NVDA 3/9/2026 Put $190.00","BTO","2","$4.70","($940.08)"
"2/25/2026","2/25/2026","2/26/2026","NVDA","NVDA 3/9/2026 Call $210.00","BTO","2","$2.51","($502.08)"
"2/25/2026","2/25/2026","2/26/2026","NVDA","NVDA 2/27/2026 Call $210.00","STO","1","$1.28","$127.95"
"2/25/2026","2/25/2026","2/26/2026","NVDA","NVDA 2/27/2026 Put $190.00","STO","1","$3.02","$301.95"
"2/25/2026","2/25/2026","2/26/2026","NVDA","NVDA 3/9/2026 Put $190.00","BTO","1","$4.70","($470.04)"
"2/25/2026","2/25/2026","2/26/2026","NVDA","NVDA 3/9/2026 Call $210.00","BTO","1","$2.51","($251.04)"
"2/25/2026","2/25/2026","2/26/2026","PYPL","PYPL 1/15/2027 Call $85.00","STO","6","$0.51","$305.74"
"2/25/2026","2/25/2026","2/26/2026","PYPL","PYPL 1/15/2027 Call $80.00","BTO","6","$0.73","($438.24)"
"2/25/2026","2/25/2026","2/26/2026","BMNR","BMNR 1/15/2027 Call $100.00","STO","2","$1.12","$223.91"
"2/25/2026","2/25/2026","2/26/2026","BMNR","BMNR 1/15/2027 Call $75.00","BTO","2","$1.72","($344.08)"
"2/25/2026","2/25/2026","2/26/2026","SBET","SBET 1/15/2027 Call $50.00","BTO","5","$0.24","($120.20)"
"2/25/2026","2/25/2026","2/26/2026","SBET","SBET 1/15/2027 Call $55.00","STO","11","$0.21","$230.52"
"2/25/2026","2/25/2026","2/26/2026","SBET","SBET 1/15/2027 Call $50.00","BTO","11","$0.25","($275.44)"
"2/25/2026","2/25/2026","2/26/2026","BMNR","BMNR 1/21/2028 Call $85.00","BTO","1","$4.16","($416.04)"
"2/25/2026","2/25/2026","2/26/2026","BMNR","BMNR 1/21/2028 Call $90.00","STO","1","$3.92","$391.95"
"2/25/2026","2/25/2026","2/26/2026","BMNR","BMNR 1/21/2028 Call $85.00","BTO","1","$4.16","($416.04)"
"2/25/2026","2/25/2026","2/26/2026","BMNR","BMNR 1/21/2028 Call $90.00","STO","1","$3.92","$391.95"
"2/25/2026","2/25/2026","2/26/2026","AMPX","AMPX 3/20/2026 Call $15.00","STO","1","$0.30","$29.95"
"2/25/2026","2/25/2026","2/26/2026","SOFI","SoFi Technologies
CUSIP: 83406F102","Buy","40","$19.11","($764.30)"
"2/24/2026","2/24/2026","2/25/2026","SOFI","SoFi Technologies
CUSIP: 83406F102","Buy","10","$18.64","($186.45)"
"2/24/2026","2/24/2026","2/25/2026","ACN","ACN 1/21/2028 Call $310.00","STO","1","$15.50","$1,549.95"
"2/24/2026","2/24/2026","2/25/2026","ACN","ACN 1/21/2028 Call $300.00","BTO","1","$17.00","($1,700.04)"
"2/24/2026","2/24/2026","2/25/2026","HOOD","HOOD 1/21/2028 Call $140.00","BTO","1","$12.90","($1,290.04)"
"2/24/2026","2/24/2026","2/25/2026","HOOD","HOOD 1/21/2028 Call $145.00","STO","1","$12.15","$1,214.95"
"2/24/2026","2/24/2026","2/25/2026","BMNR","BMNR 1/15/2027 Call $75.00","BTO","2","$1.38","($276.08)"
"2/24/2026","2/24/2026","2/25/2026","BMNR","BMNR 1/15/2027 Call $100.00","STO","2","$0.93","$185.91"
"2/24/2026","2/24/2026","2/25/2026","CIFR","CIFR 3/6/2026 Call $19.00","BTC","1","$0.44","($44.04)"
"2/24/2026","2/24/2026","2/25/2026","CIFR","CIFR 2/27/2026 Call $15.50","STO","1","$0.66","$65.95"
"2/24/2026","2/24/2026","2/25/2026","HOOD","HOOD 1/21/2028 Call $210.00","STO","2","$6.52","$1,303.91"
"2/24/2026","2/24/2026","2/25/2026","HOOD","HOOD 1/21/2028 Call $200.00","BTO","2","$7.12","($1,424.08)"
"2/23/2026","2/23/2026","2/24/2026","PYPL","PYPL 1/15/2027 Call $85.00","STO","2","$0.65","$129.91"
"2/23/2026","2/23/2026","2/24/2026","PYPL","PYPL 1/15/2027 Call $80.00","BTO","2","$0.88","($176.08)"
"2/23/2026","2/23/2026","2/24/2026","CIFR","CIFR 2/27/2026 Call $18.50","BTC","1","$0.16","($16.04)"
"2/23/2026","2/23/2026","2/24/2026","WULF","WULF 2/27/2026 Call $19.00","BTC","1","$0.12","($12.04)"
"2/23/2026","2/23/2026","2/23/2026","","Event Contracts Inter-Entity Cash Transfer","FUTSWP","","","($39.29)"
"2/20/2026","2/20/2026","2/23/2026","BMNR","Option Expiration for BMNR 2/20/2026 Call $60.00","OEXP","2","",""
"2/20/2026","2/20/2026","2/23/2026","BMNR","Option Expiration for BMNR 2/20/2026 Call $55.00","OEXP","2S","",""
"2/20/2026","2/20/2026","2/23/2026","SOFI","SoFi Technologies
CUSIP: 83406F102","Sell","50","$18.70","$934.75"
"2/20/2026","2/20/2026","2/23/2026","SOFI","SOFI 6/18/2026 Put $30.00","STC","1","$11.41","$1,140.95"
"2/19/2026","2/19/2026","2/20/2026","SOFI","SOFI 6/18/2026 Put $40.00","OASGN","1","",""
"2/19/2026","2/19/2026","2/20/2026","SOFI","SoFi Technologies
CUSIP: 83406F102
1 SOFI Option Assigned","Buy","100","$40.00","($4,000.00)"
"2/18/2026","2/18/2026","2/19/2026","BMNR","BMNR 1/15/2027 Call $100.00","STO","1","$1.03","$102.95"
"2/18/2026","2/18/2026","2/19/2026","BMNR","BMNR 1/15/2027 Call $75.00","BTO","1","$1.48","($148.04)"
"2/17/2026","2/17/2026","2/18/2026","AMPX","AMPX 2/20/2026 Call $12.00","BTC","1","$0.05","($5.04)"
"2/17/2026","2/17/2026","2/18/2026","TTD","TTD 1/21/2028 Call $70.00","STO","1","$3.02","$301.95"
"2/17/2026","2/17/2026","2/18/2026","TTD","TTD 1/21/2028 Call $65.00","BTO","1","$3.39","($339.04)"
"2/17/2026","2/17/2026","2/18/2026","QS","QS 2/20/2026 Put $7.50","BTC","1","$0.34","($34.04)"
"2/13/2026","2/13/2026","2/17/2026","DLO","DLO 1/15/2027 Call $24.47","STO","2","$0.78","$155.91"
"2/13/2026","2/13/2026","2/17/2026","DLO","DLO 1/15/2027 Call $21.47","BTO","2","$1.08","($216.08)"
"2/13/2026","2/13/2026","2/17/2026","CIFR","CIFR 2/27/2026 Call $18.50","STO","1","$1.20","$119.95"
"2/13/2026","2/13/2026","2/17/2026","CIFR","CIFR 2/13/2026 Call $16.00","BTC","1","$1.15","($115.04)"
"2/13/2026","2/13/2026","2/17/2026","QS","QS 2/13/2026 Call $8.00","BTC","1","$0.07","($7.04)"
"2/13/2026","2/13/2026","2/17/2026","WULF","WULF 2/27/2026 Call $19.00","STO","1","$1.04","$103.95"
"2/13/2026","2/13/2026","2/17/2026","WULF","WULF 2/13/2026 Call $16.50","BTC","1","$0.86","($86.04)"
"2/13/2026","2/13/2026","2/17/2026","CIFR","CIFR 2/13/2026 Call $16.50","BTC","1","$0.44","($44.04)"
"2/13/2026","2/13/2026","2/17/2026","HOOD","HOOD 9/18/2026 Put $180.00","OEXCS","4S","",""
"2/13/2026","2/13/2026","2/17/2026","HOOD","Robinhood Markets
CUSIP: 770700102
4 HOOD Options Exercised","Sell","400","$180.00","$71,999.92"
"2/12/2026","2/12/2026","2/13/2026","HOOD","HOOD 9/18/2026 Put $185.00","OASGN","4","",""
"2/12/2026","2/12/2026","2/13/2026","HOOD","Robinhood Markets
CUSIP: 770700102
4 HOOD Options Assigned","Buy","400","$185.00","($74,000.00)"
"2/12/2026","2/12/2026","2/13/2026","CIFR","CIFR 2/13/2026 Call $16.50","STO","1","$0.32","$31.95"
"2/12/2026","2/12/2026","2/13/2026","QS","QS 2/20/2026 Put $7.50","STO","1","$0.22","$21.95"
"2/12/2026","2/12/2026","2/13/2026","SPY","SPY 12/18/2026 Put $765.00","BTC","1","$83.10","($8,310.04)"
"2/12/2026","2/12/2026","2/13/2026","SPY","SPY 12/18/2026 Put $755.00","STC","1","$75.46","$7,545.95"
"2/12/2026","2/12/2026","2/13/2026","WULF","WULF 2/13/2026 Call $16.50","STO","1","$0.37","$36.95"
"2/12/2026","2/12/2026","2/13/2026","META","META 1/15/2027 Put $840.00","STC","1","$209.47","$20,946.95"
"2/12/2026","2/12/2026","2/13/2026","META","META 1/15/2027 Put $860.00","BTC","1","$225.95","($22,595.04)"
"2/12/2026","2/12/2026","2/13/2026","BTBT","BTBT 2/13/2026 Put $2.00","BTC","1","$0.33","($33.04)"
"2/12/2026","2/12/2026","2/13/2026","CIFR","CIFR 2/13/2026 Call $16.00","STO","1","$0.45","$44.95"
"2/12/2026","2/12/2026","2/13/2026","WULF","WULF 2/20/2026 Put $15.00","BTC","1","$0.42","($42.04)"
"2/12/2026","2/12/2026","2/13/2026","QS","QS 1/21/2028 Call $25.00","STO","1","$1.93","$192.95"
"2/12/2026","2/12/2026","2/13/2026","QS","QS 1/21/2028 Call $20.00","BTO","1","$2.28","($228.04)"
"2/12/2026","2/12/2026","2/13/2026","QS","QS 2/13/2026 Call $8.00","STO","1","$0.24","$23.95"
"2/12/2026","2/12/2026","2/13/2026","AMZN","AMZN 1/15/2027 Put $320.00","OEXCS","6S","",""
"2/12/2026","2/12/2026","2/13/2026","HOOD","HOOD 9/18/2026 Put $180.00","OEXCS","1S","",""
"2/12/2026","2/12/2026","2/13/2026","AMZN","Amazon
CUSIP: 023135106
6 AMZN Options Exercised","Sell","600","$320.00","$191,999.88"
"2/12/2026","2/12/2026","2/13/2026","HOOD","Robinhood Markets
CUSIP: 770700102
1 HOOD Option Exercised","Sell","100","$180.00","$17,999.98"
"2/11/2026","2/11/2026","2/12/2026","HOOD","HOOD 9/18/2026 Put $185.00","OASGN","1","",""
"2/11/2026","2/11/2026","2/12/2026","HOOD","Robinhood Markets
CUSIP: 770700102
1 HOOD Option Assigned","Buy","100","$185.00","($18,500.00)"
"2/11/2026","2/11/2026","2/12/2026","AMZN","AMZN 1/15/2027 Put $325.00","OASGN","6","",""
"2/11/2026","2/11/2026","2/12/2026","AMZN","Amazon
CUSIP: 023135106
6 AMZN Options Assigned","Buy","600","$325.00","($195,000.00)"
"2/11/2026","2/11/2026","2/12/2026","GRAB","Grab
CUSIP: G4124C109","Buy","100","$3.97","($397.00)"
"2/11/2026","2/11/2026","2/12/2026","HOOD","HOOD 1/21/2028 Call $210.00","STO","1","$8.02","$801.95"
"2/11/2026","2/11/2026","2/12/2026","HOOD","HOOD 1/21/2028 Call $200.00","BTO","1","$8.77","($877.04)"
"2/11/2026","2/11/2026","2/12/2026","SOFI","SoFi Technologies
CUSIP: 83406F102","Sell","0.508396","$20.20","$10.27"
"2/11/2026","2/11/2026","2/12/2026","SOFI","SoFi Technologies
CUSIP: 83406F102","Sell","100","$20.20","$2,019.48"
"2/11/2026","2/11/2026","2/12/2026","SOFI","SOFI 3/20/2026 Call $24.00","BTC","1","$0.47","($47.04)"
"2/11/2026","2/11/2026","2/12/2026","AMPX","AMPX 2/20/2026 Call $12.00","STO","1","$0.30","$29.95"
"2/11/2026","2/11/2026","2/12/2026","WULF","WULF 2/13/2026 Call $20.00","BTC","1","$0.03","($3.04)"
"2/11/2026","2/11/2026","2/12/2026","WULF","WULF 2/20/2026 Put $15.00","STO","1","$0.41","$40.95"
"2/10/2026","2/10/2026","2/10/2026","","Event Contracts Inter-Entity Cash Transfer","FUTSWP","","","($19.89)"
"2/10/2026","2/10/2026","2/11/2026","WULF","WULF 2/13/2026 Call $20.00","STO","1","$0.15","$14.95"
"2/10/2026","2/10/2026","2/11/2026","HIMS","HIMS 1/15/2027 Put $80.00","STO","1","$61.70","$6,169.95"
"2/10/2026","2/10/2026","2/11/2026","HIMS","HIMS 1/15/2027 Put $60.00","BTO","1","$42.20","($4,220.04)"
"2/9/2026","2/9/2026","2/9/2026","","Gold Plan Credit","GMPC","","","$4.17"
"2/9/2026","2/9/2026","2/9/2026","","Gold Subscription Fee","GOLD","","","($50.00)"
"2/9/2026","2/9/2026","2/10/2026","CIFR","CIFR 2/13/2026 Call $16.00","BTC","1","$1.03","($103.04)"
"2/9/2026","2/9/2026","2/10/2026","CIFR","CIFR 3/6/2026 Call $19.00","STO","1","$1.07","$106.95"
"2/6/2026","2/6/2026","2/9/2026","BTBT","BTBT 2/13/2026 Put $2.00","STO","1","$0.22","$21.95"
"2/6/2026","2/6/2026","2/9/2026","CIFR","CIFR 2/13/2026 Call $16.00","STO","1","$0.45","$44.95"
"2/6/2026","2/6/2026","2/9/2026","QS","QS 1/21/2028 Call $25.00","STO","1","$2.05","$204.95"
"2/6/2026","2/6/2026","2/9/2026","QS","QS 1/21/2028 Call $20.00","BTO","1","$2.45","($245.04)"
"2/6/2026","2/6/2026","2/9/2026","AMZN","Amazon
CUSIP: 023135106","Sell","2","$205.30","$410.60"
"2/6/2026","2/6/2026","2/9/2026","GLXY","GLXY 1/21/2028 Call $55.00","BTO","1","$4.90","($490.04)"
"2/6/2026","2/6/2026","2/9/2026","GLXY","GLXY 1/21/2028 Call $60.00","STO","1","$4.50","$449.95"
"2/6/2026","2/6/2026","2/9/2026","AMZN","AMZN 1/15/2027 Put $320.00","BTO","1","$115.96","($11,596.04)"
"2/6/2026","2/6/2026","2/9/2026","AMZN","AMZN 1/15/2027 Put $325.00","STO","1","$120.91","$12,090.95"
"2/6/2026","2/6/2026","2/9/2026","AMZN","AMZN 12/15/2028 Call $320.00","STO","1","$26.98","$2,697.95"
"2/6/2026","2/6/2026","2/9/2026","AMZN","AMZN 12/15/2028 Call $300.00","BTO","1","$30.98","($3,098.04)"
"2/6/2026","2/6/2026","2/9/2026","QS","QS 2/6/2026 Call $7.50","BTC","1","$0.87","($87.04)"
"2/6/2026","2/6/2026","2/9/2026","AMPX","Amprius Technologies
CUSIP: 03214Q108","Buy","100","$11.64","($1,164.50)"
"2/6/2026","2/6/2026","2/9/2026","NBIS","NBIS 1/21/2028 Call $160.00","STO","1","$25.25","$2,524.95"
"2/6/2026","2/6/2026","2/9/2026","NBIS","NBIS 1/21/2028 Call $150.00","BTO","1","$26.70","($2,670.04)"
"2/6/2026","2/6/2026","2/9/2026","HOOD","HOOD 9/18/2026 Put $180.00","BTO","2","$99.15","($19,830.08)"
"2/6/2026","2/6/2026","2/9/2026","HOOD","HOOD 9/18/2026 Put $185.00","STO","2","$104.00","$20,799.91"
"2/6/2026","2/6/2026","2/9/2026","HOOD","HOOD 1/21/2028 Call $200.00","BTO","1","$10.38","($1,038.04)"
"2/6/2026","2/6/2026","2/9/2026","HOOD","HOOD 1/21/2028 Call $210.00","STO","1","$9.52","$951.95"
"2/6/2026","2/6/2026","2/9/2026","HOOD","HOOD 1/21/2028 Call $200.00","BTO","1","$10.38","($1,038.04)"
"2/6/2026","2/6/2026","2/9/2026","HOOD","HOOD 1/21/2028 Call $210.00","STO","1","$9.52","$951.95"
"2/6/2026","2/6/2026","2/9/2026","CIFR","CIFR 2/6/2026 Call $13.50","BTC","1","$0.46","($46.04)"
"2/6/2026","2/6/2026","2/9/2026","WULF","WULF 2/6/2026 Call $13.00","BTC","1","$0.37","($37.04)"
"2/6/2026","2/6/2026","2/9/2026","CIFR","Cipher Mining
CUSIP: 17253J106","Buy","100","$13.68","($1,368.10)"
"2/6/2026","2/6/2026","2/9/2026","BITF","Bitfarms
CUSIP: 09173B107","Buy","100","$1.89","($189.00)"
"2/5/2026","2/5/2026","2/6/2026","NBIS","Nebius Group
CUSIP: N97284108","Buy","2","$71.00","($142.00)"
"2/5/2026","2/5/2026","2/6/2026","NBIS","Nebius Group
CUSIP: N97284108","Buy","1","$70.99","($70.99)"
"2/5/2026","2/5/2026","2/6/2026","AMZN","Amazon
CUSIP: 023135106","Buy","1","$203.98","($203.98)"
"2/5/2026","2/5/2026","2/6/2026","QXO","QXO 1/21/2028 Call $35.00","BTC","1","$3.90","($390.04)"
"2/5/2026","2/5/2026","2/6/2026","QXO","QXO 1/21/2028 Call $30.00","STC","1","$4.75","$474.95"
"2/5/2026","2/5/2026","2/6/2026","CLSK","CleanSpark
CUSIP: 18452B209","Sell","0.00215","$8.28","$0.02"
"2/5/2026","2/5/2026","2/6/2026","CLSK","CleanSpark
CUSIP: 18452B209","Sell","100","$8.28","$828.48"
"2/5/2026","2/5/2026","2/6/2026","CLSK","CLSK 1/15/2027 Call $35.00","STO","2","$0.53","$105.91"
"2/5/2026","2/5/2026","2/6/2026","CLSK","CLSK 1/15/2027 Call $25.00","BTO","2","$0.88","($176.08)"
"2/5/2026","2/5/2026","2/6/2026","IREN","IREN 1/21/2028 Call $60.00","BTO","1","$17.43","($1,743.04)"
"2/5/2026","2/5/2026","2/6/2026","IREN","IREN 1/21/2028 Call $80.00","STO","1","$14.15","$1,414.95"
"2/5/2026","2/5/2026","2/6/2026","RDW","Redwire
CUSIP: 75776W103","Sell","100","$8.76","$876.19"
"2/5/2026","2/5/2026","2/6/2026","RDW","RDW 8/21/2026 Call $17.00","BTC","1","$1.34","($134.04)"
"2/5/2026","2/5/2026","2/6/2026","CIFR","CIFR 2/6/2026 Call $13.50","STO","1","$0.31","$30.95"
"2/5/2026","2/5/2026","2/6/2026","IREN","IREN 11/20/2026 Put $75.00","BTO","1","$39.82","($3,982.04)"
"2/5/2026","2/5/2026","2/6/2026","IREN","IREN 11/20/2026 Put $85.00","STO","1","$48.37","$4,836.95"
"2/5/2026","2/5/2026","2/6/2026","QS","QS 2/6/2026 Call $7.50","STO","1","$0.50","$49.95"
"2/5/2026","2/5/2026","2/6/2026","BMNR","BMNR 1/21/2028 Call $85.00","BTO","1","$3.98","($398.04)"
"2/5/2026","2/5/2026","2/6/2026","BMNR","BMNR 1/21/2028 Call $90.00","STO","1","$3.80","$379.95"
"2/5/2026","2/5/2026","2/6/2026","SOFI","SoFi Technologies
CUSIP: 83406F102","Sell","100","$19.82","$1,981.98"
"2/5/2026","2/5/2026","2/6/2026","AMZN","AMZN 12/15/2028 Call $320.00","STO","1","$35.23","$3,522.95"
"2/5/2026","2/5/2026","2/6/2026","AMZN","AMZN 12/15/2028 Call $300.00","BTO","1","$40.11","($4,011.04)"
"2/5/2026","2/5/2026","2/6/2026","WYFI","WYFI 5/15/2026 Put $45.00","BTC","1","$29.95","($2,995.04)"
"2/5/2026","2/5/2026","2/6/2026","WYFI","WYFI 5/15/2026 Put $25.00","STC","1","$11.35","$1,134.95"
"2/5/2026","2/5/2026","2/6/2026","VG","Venture Global
CUSIP: 92333F101","Sell","100","$9.07","$906.49"
"2/5/2026","2/5/2026","2/6/2026","VG","VG 2/6/2026 Call $9.50","BTC","2","$0.10","($20.08)"
"2/5/2026","2/5/2026","2/6/2026","ENPH","ENPH 1/15/2027 Call $75.00","BTC","1","$6.00","($600.04)"
"2/5/2026","2/5/2026","2/6/2026","ENPH","ENPH 1/15/2027 Call $70.00","STC","1","$6.89","$688.95"
"2/5/2026","2/5/2026","2/6/2026","ENPH","ENPH 1/15/2027 Call $75.00","BTC","1","$5.95","($595.04)"
"2/5/2026","2/5/2026","2/6/2026","ENPH","ENPH 1/15/2027 Call $70.00","STC","1","$6.83","$682.95"
"2/5/2026","2/5/2026","2/6/2026","SOFI","SOFI 3/20/2026 Call $24.00","STO","1","$0.61","$60.95"
"2/5/2026","2/5/2026","2/6/2026","SBET","SBET 1/15/2027 Call $55.00","STO","10","$0.20","$199.57"
"2/5/2026","2/5/2026","2/6/2026","SBET","SBET 1/15/2027 Call $50.00","BTO","10","$0.23","($230.40)"
"2/5/2026","2/5/2026","2/6/2026","AMZN","AMZN 1/15/2027 Put $320.00","BTO","1","$97.55","($9,755.04)"
"2/5/2026","2/5/2026","2/6/2026","AMZN","AMZN 1/15/2027 Put $325.00","STO","1","$102.10","$10,209.95"
"2/5/2026","2/5/2026","2/6/2026","AMZN","AMZN 1/15/2027 Put $320.00","BTO","2","$97.55","($19,510.08)"
"2/5/2026","2/5/2026","2/6/2026","AMZN","AMZN 1/15/2027 Put $325.00","STO","2","$102.10","$20,419.91"
"2/5/2026","2/5/2026","2/6/2026","HOOD","Robinhood Markets
CUSIP: 770700102","Sell","10","$76.08","$760.80"
"2/5/2026","2/5/2026","2/6/2026","HOOD","Robinhood Markets
CUSIP: 770700102","Sell","10","$76.15","$761.50"
"2/5/2026","2/5/2026","2/6/2026","VG","Venture Global
CUSIP: 92333F101","Sell","100","$9.35","$934.98"
"2/5/2026","2/5/2026","2/6/2026","HOOD","Robinhood Markets
CUSIP: 770700102","Sell","2","$78.38","$156.76"
"2/5/2026","2/5/2026","2/6/2026","HOOD","Robinhood Markets
CUSIP: 770700102","Sell","18","$78.29","$1,409.22"
"2/4/2026","2/4/2026","2/5/2026","QXO","QXO 1/21/2028 Call $30.00","STC","1","$6.05","$604.95"
"2/4/2026","2/4/2026","2/5/2026","QXO","QXO 1/21/2028 Call $35.00","BTC","1","$5.05","($505.04)"
"2/4/2026","2/4/2026","2/5/2026","SOFI","SoFi Technologies
CUSIP: 83406F102","Buy","50","$20.70","($1,035.00)"
"2/4/2026","2/4/2026","2/5/2026","SOFI","SoFi Technologies
CUSIP: 83406F102","Buy","30","$20.67","($619.97)"
"2/4/2026","2/4/2026","2/5/2026","SOFI","SoFi Technologies
CUSIP: 83406F102","Buy","1","$20.63","($20.63)"
"2/4/2026","2/4/2026","2/5/2026","SOFI","SoFi Technologies
CUSIP: 83406F102","Buy","19","$20.63","($391.97)"
"2/4/2026","2/4/2026","2/5/2026","NVDA","NVDA 1/15/2027 Call $165.00","BTC","1","$39.55","($3,955.04)"
"2/4/2026","2/4/2026","2/5/2026","NVDA","NVDA 1/15/2027 Call $160.00","STC","1","$42.15","$4,214.95"
"2/4/2026","2/4/2026","2/5/2026","HOOD","Robinhood Markets
CUSIP: 770700102","Buy","15","$79.87","($1,198.05)"
"2/4/2026","2/4/2026","2/5/2026","VG","Venture Global
CUSIP: 92333F101","Buy","100","$9.67","($966.72)"
"2/4/2026","2/4/2026","2/5/2026","ENPH","ENPH 1/15/2027 Call $75.00","BTC","1","$6.90","($690.04)"
"2/4/2026","2/4/2026","2/5/2026","ENPH","ENPH 1/15/2027 Call $70.00","STC","1","$7.90","$789.95"
"2/4/2026","2/4/2026","2/5/2026","CLSK","CLSK 1/15/2027 Call $35.00","STO","8","$0.74","$591.65"
"2/4/2026","2/4/2026","2/5/2026","CLSK","CLSK 1/15/2027 Call $25.00","BTO","8","$1.20","($960.32)"
"2/4/2026","2/4/2026","2/5/2026","CLSK","CLSK 1/15/2027 Call $35.00","STO","7","$0.74","$517.70"
"2/4/2026","2/4/2026","2/5/2026","CLSK","CLSK 1/15/2027 Call $25.00","BTO","7","$1.20","($840.28)"
"2/4/2026","2/4/2026","2/5/2026","VG","VG 2/6/2026 Call $9.50","STO","1","$0.35","$34.95"
"2/4/2026","2/4/2026","2/5/2026","IREN","IREN 1/15/2027 Call $70.00","BTC","1","$12.40","($1,240.04)"
"2/4/2026","2/4/2026","2/5/2026","IREN","IREN 1/15/2027 Call $50.00","STC","1","$16.80","$1,679.95"
"2/4/2026","2/4/2026","2/5/2026","NU","NU 1/15/2027 Call $15.00","STC","1","$4.05","$404.95"
"2/4/2026","2/4/2026","2/5/2026","ENPH","ENPH 1/15/2027 Call $75.00","BTC","1","$6.92","($692.04)"
"2/4/2026","2/4/2026","2/5/2026","ENPH","ENPH 1/15/2027 Call $70.00","STC","1","$7.92","$791.95"
"2/4/2026","2/4/2026","2/5/2026","HOOD","Robinhood Markets
CUSIP: 770700102","Buy","5","$78.18","($390.88)"
"2/4/2026","2/4/2026","2/5/2026","HOOD","HOOD 1/21/2028 Call $210.00","STO","2","$8.45","$1,689.91"
"2/4/2026","2/4/2026","2/5/2026","HOOD","HOOD 1/21/2028 Call $200.00","BTO","2","$9.20","($1,840.08)"
"2/4/2026","2/4/2026","2/5/2026","VG","VG 2/6/2026 Call $9.50","STO","1","$0.20","$19.95"
"2/4/2026","2/4/2026","2/5/2026","WULF","WULF 2/6/2026 Call $13.00","STO","1","$0.42","$41.95"
"2/4/2026","2/4/2026","2/5/2026","HOOD","Robinhood Markets
CUSIP: 770700102","Buy","10","$79.62","($796.15)"
"2/4/2026","2/4/2026","2/5/2026","CIFR","CIFR 2/6/2026 Call $17.50","BTC","1","$0.07","($7.04)"
"2/4/2026","2/4/2026","2/5/2026","HOOD","Robinhood Markets
CUSIP: 770700102","Buy","4","$80.97","($323.87)"
"2/4/2026","2/4/2026","2/5/2026","ASTS","ASTS 6/18/2026 Put $95.00","STC","1","$20.51","$2,050.95"
"2/4/2026","2/4/2026","2/5/2026","ASTS","ASTS 6/18/2026 Put $105.00","BTC","1","$26.61","($2,661.04)"
"2/4/2026","2/4/2026","2/5/2026","ENPH","ENPH 1/15/2027 Call $75.00","BTC","1","$7.05","($705.04)"
"2/4/2026","2/4/2026","2/5/2026","ENPH","ENPH 1/15/2027 Call $70.00","STC","1","$8.10","$809.95"
"2/4/2026","2/4/2026","2/5/2026","ENPH","ENPH 1/15/2027 Call $70.00","STC","1","$7.50","$749.95"
"2/4/2026","2/4/2026","2/5/2026","TOST","TOST 9/18/2026 Put $45.00","OEXCS","1S","",""
"2/4/2026","2/4/2026","2/5/2026","PYPL","PYPL 1/15/2027 Put $90.00","OEXCS","1S","",""
"2/4/2026","2/4/2026","2/5/2026","TOST","Toast
CUSIP: 888787108
1 TOST Option Exercised","Sell","100","$45.00","$4,499.98"
"2/4/2026","2/4/2026","2/5/2026","PYPL","PayPal
CUSIP: 70450Y103
1 PYPL Option Exercised","Sell","100","$90.00","$8,999.98"
"2/4/2026","2/4/2026","2/4/2026","","Gold Subscription Fee","GOLD","","","($5.00)"
"2/4/2026","2/4/2026","2/5/2026","","ACH Deposit","ACH","","","$5.00"
"2/3/2026","2/3/2026","2/4/2026","TOST","TOST 9/18/2026 Put $55.00","OASGN","1","",""
"2/3/2026","2/3/2026","2/4/2026","PYPL","PYPL 1/15/2027 Put $100.00","OASGN","1","",""
"2/3/2026","2/3/2026","2/4/2026","TOST","Toast
CUSIP: 888787108
1 TOST Option Assigned","Buy","100","$55.00","($5,500.00)"
"2/3/2026","2/3/2026","2/4/2026","PYPL","PayPal
CUSIP: 70450Y103
1 PYPL Option Assigned","Buy","100","$100.00","($10,000.00)"
"2/3/2026","2/3/2026","2/4/2026","SNAP","SNAP 1/21/2028 Call $15.00","STO","3","$0.89","$266.87"
"2/3/2026","2/3/2026","2/4/2026","SNAP","SNAP 1/21/2028 Call $12.00","BTO","3","$1.20","($360.12)"
"2/3/2026","2/3/2026","2/4/2026","JOBY","JOBY 1/21/2028 Call $32.00","STO","5","$1.90","$949.78"
"2/3/2026","2/3/2026","2/4/2026","JOBY","JOBY 1/21/2028 Call $30.00","BTO","5","$2.05","($1,025.20)"
"2/3/2026","2/3/2026","2/4/2026","AMKR","AMKR 6/18/2026 Put $55.00","STC","1","$13.50","$1,349.95"
"2/3/2026","2/3/2026","2/4/2026","AMKR","AMKR 6/18/2026 Put $60.00","BTC","1","$17.30","($1,730.04)"
"2/3/2026","2/3/2026","2/4/2026","MARA","MARA 12/17/2027 Call $35.00","STO","1","$1.35","$134.95"
"2/3/2026","2/3/2026","2/4/2026","MARA","MARA 12/17/2027 Call $30.00","BTO","1","$1.60","($160.04)"
"2/3/2026","2/3/2026","2/4/2026","ADBE","ADBE 1/15/2027 Call $410.00","STO","1","$12.13","$1,212.95"
"2/3/2026","2/3/2026","2/4/2026","ADBE","ADBE 1/15/2027 Call $400.00","BTO","1","$13.43","($1,343.04)"
"2/3/2026","2/3/2026","2/4/2026","ZETA","ZETA 1/21/2028 Call $35.00","STO","1","$3.65","$364.95"
"2/3/2026","2/3/2026","2/4/2026","ZETA","ZETA 1/21/2028 Call $30.00","BTO","1","$4.33","($433.04)"
"2/3/2026","2/3/2026","2/4/2026","PYPL","PYPL 1/15/2027 Call $85.00","STO","1","$0.66","$65.95"
"2/3/2026","2/3/2026","2/4/2026","PYPL","PYPL 1/15/2027 Call $80.00","BTO","1","$0.82","($82.04)"
"2/3/2026","2/3/2026","2/4/2026","PYPL","PYPL 1/15/2027 Call $85.00","STO","1","$0.66","$65.95"
"2/3/2026","2/3/2026","2/4/2026","PYPL","PYPL 1/15/2027 Call $80.00","BTO","1","$0.82","($82.04)"
"2/3/2026","2/3/2026","2/4/2026","BMNR","BMNR 1/15/2027 Call $100.00","STO","1","$1.57","$156.95"
"2/3/2026","2/3/2026","2/4/2026","BMNR","BMNR 1/15/2027 Call $75.00","BTO","1","$2.24","($224.04)"
"2/3/2026","2/3/2026","2/4/2026","HOOD","Robinhood Markets
CUSIP: 770700102","Buy","1","$87.01","($87.01)"
"2/3/2026","2/3/2026","2/4/2026","META","META 5/15/2026 Put $850.00","STC","1","$156.60","$15,659.95"
"2/3/2026","2/3/2026","2/4/2026","META","META 5/15/2026 Put $860.00","BTC","1","$165.73","($16,573.04)"
"2/3/2026","2/3/2026","2/4/2026","PYPL","PYPL 1/15/2027 Call $85.00","STO","4","$0.67","$267.83"
"2/3/2026","2/3/2026","2/4/2026","PYPL","PYPL 1/15/2027 Call $80.00","BTO","4","$0.83","($332.16)"
"2/3/2026","2/3/2026","2/4/2026","HOOD","Robinhood Markets
CUSIP: 770700102","Buy","4","$88.71","($354.84)"
"2/3/2026","2/3/2026","2/4/2026","CIFR","CIFR 2/6/2026 Call $17.50","STO","1","$0.40","$39.95"
"2/3/2026","2/3/2026","2/4/2026","WULF","WULF 2/6/2026 Call $14.50","BTC","1","$1.38","($138.04)"
"2/3/2026","2/3/2026","2/4/2026","WULF","WULF 5/15/2026 Call $21.00","STO","1","$1.53","$152.95"
"2/3/2026","2/3/2026","2/4/2026","ZETA","ZETA 2/6/2026 Put $18.00","BTC","1","$0.45","($45.04)"
"2/3/2026","2/3/2026","2/4/2026","SBET","SBET 1/15/2027 Put $30.00","OEXCS","1S","",""
"2/3/2026","2/3/2026","2/4/2026","SBET","Sharplink
CUSIP: 820014405
1 SBET Option Exercised","Sell","100","$30.00","$2,999.98"
"2/2/2026","2/2/2026","2/3/2026","SBET","SBET 1/15/2027 Put $40.00","OASGN","1","",""
"2/2/2026","2/2/2026","2/3/2026","SBET","Sharplink
CUSIP: 820014405
1 SBET Option Assigned","Buy","100","$40.00","($4,000.00)"
"2/2/2026","2/2/2026","2/3/2026","SBET","SBET 1/15/2027 Call $50.00","BTO","1","$0.28","($28.04)"
"2/2/2026","2/2/2026","2/3/2026","WULF","WULF 2/6/2026 Call $14.50","STO","1","$0.42","$41.95"
"2/2/2026","2/2/2026","2/3/2026","MARA","MARA 12/17/2027 Call $35.00","STO","2","$1.49","$297.91"
"2/2/2026","2/2/2026","2/3/2026","MARA","MARA 12/17/2027 Call $30.00","BTO","2","$1.78","($356.08)"
"2/2/2026","2/2/2026","2/3/2026","BMNR","BMNR 1/21/2028 Call $90.00","STO","5","$5.31","$2,654.78"
"2/2/2026","2/2/2026","2/3/2026","BMNR","BMNR 1/21/2028 Call $85.00","BTO","5","$5.61","($2,805.20)"
"2/2/2026","2/2/2026","2/3/2026","SBET","SBET 1/15/2027 Call $50.00","BTO","7","$0.29","($203.28)"
"2/2/2026","2/2/2026","2/3/2026","BMNR","BMNR 1/15/2027 Call $100.00","STO","1","$1.79","$178.95"
"2/2/2026","2/2/2026","2/3/2026","BMNR","BMNR 1/15/2027 Call $75.00","BTO","1","$2.56","($256.04)"
"2/2/2026","2/2/2026","2/3/2026","QS","QS 2/20/2026 Call $14.00","BTC","1","$0.12","($12.04)"
"2/2/2026","2/2/2026","2/3/2026","HOOD","Robinhood Markets
CUSIP: 770700102","Buy","1","$91.33","($91.33)"
"2/2/2026","2/2/2026","2/3/2026","BMNR","BMNR 1/15/2027 Call $100.00","STO","2","$1.85","$369.91"
"2/2/2026","2/2/2026","2/3/2026","BMNR","BMNR 1/15/2027 Call $75.00","BTO","2","$2.65","($530.08)"
"2/2/2026","2/2/2026","2/3/2026","HOOD","HOOD 1/21/2028 Call $210.00","STO","1","$11.56","$1,155.95"
"2/2/2026","2/2/2026","2/3/2026","HOOD","HOOD 1/21/2028 Call $200.00","BTO","1","$12.55","($1,255.04)"
"2/2/2026","2/2/2026","2/3/2026","HOOD","HOOD 1/21/2028 Call $200.00","BTO","1","$12.53","($1,253.04)"
"2/2/2026","2/2/2026","2/3/2026","HOOD","HOOD 1/21/2028 Call $210.00","STO","1","$11.48","$1,147.95"
"2/2/2026","2/2/2026","2/3/2026","HOOD","HOOD 1/21/2028 Call $200.00","BTO","1","$12.42","($1,242.04)"
"2/2/2026","2/2/2026","2/3/2026","HOOD","HOOD 1/21/2028 Call $210.00","STO","1","$11.42","$1,141.95"
"2/2/2026","2/2/2026","2/2/2026","","Gold Deposit Boost Payment","GDBP","","","$0.87"
"1/30/2026","1/30/2026","2/2/2026","","Mark to market","MTM","","","$1,604.96"
"1/30/2026","1/30/2026","2/2/2026","QS","QS 1/21/2028 Call $25.00","STO","1","$2.34","$233.95"
"1/30/2026","1/30/2026","2/2/2026","QS","QS 1/21/2028 Call $20.00","BTO","1","$2.71","($271.04)"
"1/30/2026","1/30/2026","2/2/2026","CRM","CRM 1/21/2028 Call $320.00","STO","1","$21.22","$2,121.95"
"1/30/2026","1/30/2026","2/2/2026","CRM","CRM 1/21/2028 Call $310.00","BTO","1","$23.02","($2,302.04)"
"1/30/2026","1/30/2026","2/2/2026","TTD","TTD 1/21/2028 Call $70.00","STO","1","$3.72","$371.95"
"1/30/2026","1/30/2026","2/2/2026","TTD","TTD 1/21/2028 Call $65.00","BTO","1","$4.20","($420.04)"
"1/30/2026","1/30/2026","2/2/2026","AMZN","AMZN 12/15/2028 Call $300.00","BTO","1","$47.25","($4,725.04)"
"1/30/2026","1/30/2026","2/2/2026","AMZN","AMZN 12/15/2028 Call $320.00","STO","1","$41.60","$4,159.95"
"1/30/2026","1/30/2026","2/2/2026","ZETA","ZETA 2/6/2026 Put $18.00","STO","1","$0.35","$34.95"
"1/30/2026","1/30/2026","2/2/2026","QS","QS 1/21/2028 Call $25.00","STO","1","$2.36","$235.95"
"1/30/2026","1/30/2026","2/2/2026","QS","QS 1/21/2028 Call $20.00","BTO","1","$2.74","($274.04)"
"1/30/2026","1/30/2026","2/2/2026","AMPX","AMPX 1/21/2028 Call $22.00","STO","1","$5.25","$524.95"
"1/30/2026","1/30/2026","2/2/2026","AMPX","AMPX 1/21/2028 Call $17.00","BTO","1","$6.05","($605.04)"
"1/30/2026","1/30/2026","2/2/2026","ZETA","ZETA 1/21/2028 Call $35.00","STO","1","$4.33","$432.95"
"1/30/2026","1/30/2026","2/2/2026","ZETA","ZETA 1/21/2028 Call $30.00","BTO","1","$5.13","($513.04)"
"1/30/2026","1/30/2026","2/2/2026","QS","QS 1/21/2028 Call $25.00","STO","1","$2.35","$234.95"
"1/30/2026","1/30/2026","2/2/2026","QS","QS 1/21/2028 Call $20.00","BTO","1","$2.80","($280.04)"
"1/30/2026","1/30/2026","2/2/2026","SLV","SLV 3/31/2026 Call $120.00","BTC","1","$3.44","($344.04)"
"1/30/2026","1/30/2026","2/2/2026","SLV","SLV 3/31/2026 Call $100.00","STC","1","$5.84","$583.95"
"1/30/2026","1/30/2026","2/2/2026","RIVN","RIVN 3/20/2026 Put $23.00","OEXCS","1S","",""
"1/30/2026","1/30/2026","2/2/2026","RIVN","Rivian Automotive
CUSIP: 76954A103
1 RIVN Option Exercised","Sell","100","$23.00","$2,299.98"
"1/29/2026","1/29/2026","1/30/2026","","Mark to market","MTM","","","($617.20)"
"1/29/2026","1/29/2026","1/30/2026","RIVN","RIVN 3/20/2026 Put $30.00","OASGN","1","",""
"1/29/2026","1/29/2026","1/30/2026","RIVN","Rivian Automotive
CUSIP: 76954A103
1 RIVN Option Assigned","Buy","100","$30.00","($3,000.00)"
"1/29/2026","1/29/2026","1/30/2026","META","META 5/15/2026 Put $860.00","BTC","1","$141.69","($14,169.04)"
"1/29/2026","1/29/2026","1/30/2026","META","META 5/15/2026 Put $850.00","STC","1","$133.39","$13,338.95"
"1/29/2026","1/29/2026","1/30/2026","CNC","CNC 1/15/2027 Call $70.00","BTC","2","$1.88","($376.08)"
"1/29/2026","1/29/2026","1/30/2026","CNC","CNC 1/15/2027 Call $60.00","STC","2","$3.20","$639.91"
"1/29/2026","1/29/2026","1/30/2026","META","META 5/15/2026 Put $850.00","STC","1","$140.95","$14,094.95"
"1/29/2026","1/29/2026","1/30/2026","META","META 5/15/2026 Put $860.00","BTC","1","$149.45","($14,945.04)"
"1/29/2026","1/29/2026","1/30/2026","SLV","SLV 3/31/2026 Call $120.00","STO","1","$9.40","$939.95"
"1/29/2026","1/29/2026","1/30/2026","SLV","SLV 3/31/2026 Call $100.00","BTO","1","$14.90","($1,490.04)"
"1/29/2026","1/29/2026","1/30/2026","GRAB","GRAB 1/30/2026 Put $5.00","BTC","1","$0.58","($58.04)"
"1/29/2026","1/29/2026","1/30/2026","ONDS","Ondas Inc.
CUSIP: 68236H204","Sell","100","$11.32","$1,132.48"
"1/29/2026","1/29/2026","1/30/2026","ONDS","ONDS 1/30/2026 Call $13.00","BTC","1","$0.04","($4.04)"
"1/29/2026","1/29/2026","1/30/2026","QXO","QXO 1/21/2028 Call $35.00","BTC","1","$5.00","($500.04)"
"1/29/2026","1/29/2026","1/30/2026","QXO","QXO 1/21/2028 Call $30.00","STC","1","$6.00","$599.95"
"1/29/2026","1/29/2026","1/30/2026","META","Meta Platforms
CUSIP: 30303M102","Sell","1","$717.79","$717.79"
"1/29/2026","1/29/2026","1/30/2026","SLV","Sell_Short - order_execution TAF fee","SS","","","($0.02)"
"1/29/2026","1/29/2026","1/30/2026","CIFR","CIFR 1/30/2026 Put $17.50","BTC","1","$0.57","($57.04)"
"1/29/2026","1/29/2026","1/30/2026","WULF","WULF 1/30/2026 Call $16.50","BTC","1","$0.02","($2.04)"
"1/29/2026","1/29/2026","1/30/2026","META","META 5/15/2026 Put $850.00","STC","1","$134.55","$13,454.95"
"1/29/2026","1/29/2026","1/30/2026","META","META 5/15/2026 Put $860.00","BTC","1","$143.05","($14,305.04)"
"1/28/2026","1/28/2026","1/29/2026","PYPL","PYPL 1/15/2027 Call $85.00","STO","1","$1.95","$194.95"
"1/28/2026","1/28/2026","1/29/2026","PYPL","PYPL 1/15/2027 Call $80.00","BTO","1","$2.45","($245.04)"
"1/28/2026","1/28/2026","1/29/2026","TTD","TTD 1/21/2028 Call $65.00","BTO","2","$5.10","($1,020.08)"
"1/28/2026","1/28/2026","1/29/2026","TTD","TTD 1/21/2028 Call $70.00","STO","2","$4.50","$899.91"
"1/28/2026","1/28/2026","1/29/2026","TTD","TTD 1/21/2028 Call $70.00","STO","2","$4.24","$847.91"
"1/28/2026","1/28/2026","1/29/2026","TTD","TTD 1/21/2028 Call $65.00","BTO","2","$4.89","($978.08)"
"1/28/2026","1/28/2026","1/29/2026","HOOD","HOOD 9/18/2026 Put $180.00","BTO","2","$75.72","($15,144.08)"
"1/28/2026","1/28/2026","1/29/2026","HOOD","HOOD 9/18/2026 Put $185.00","STO","2","$80.19","$16,037.91"
"1/27/2026","1/27/2026","1/28/2026","WULF","WULF 1/30/2026 Call $16.50","STO","1","$0.20","$19.95"
"1/27/2026","1/27/2026","1/28/2026","RDW","RDW 1/21/2028 Call $15.00","BTO","1","$7.90","($790.04)"
"1/27/2026","1/27/2026","1/28/2026","RDW","RDW 1/21/2028 Call $20.00","STO","1","$7.00","$699.95"
"1/27/2026","1/27/2026","1/28/2026","GRAB","GRAB 1/30/2026 Put $5.00","STO","1","$0.23","$22.95"
"1/27/2026","1/27/2026","1/28/2026","RDW","RDW 1/21/2028 Call $20.00","STO","1","$7.10","$709.95"
"1/27/2026","1/27/2026","1/28/2026","RDW","RDW 1/21/2028 Call $15.00","BTO","1","$8.00","($800.04)"
"1/27/2026","1/27/2026","1/28/2026","RDW","RDW 1/21/2028 Call $20.00","STO","1","$7.11","$710.95"
"1/27/2026","1/27/2026","1/28/2026","RDW","RDW 1/21/2028 Call $15.00","BTO","1","$8.01","($801.04)"
"1/27/2026","1/27/2026","1/28/2026","RR","Richtech Robotics
CUSIP: 765504105","Buy","100","$4.32","($432.50)"
"1/26/2026","1/26/2026","1/27/2026","CIFR","CIFR 1/30/2026 Call $21.00","BTC","1","$0.09","($9.04)"
"1/26/2026","1/26/2026","1/27/2026","RDW","Redwire
CUSIP: 75776W103","Sell","100","$11.10","$1,110.48"
"1/26/2026","1/26/2026","1/27/2026","RDW","RDW 1/30/2026 Call $13.00","BTC","1","$0.20","($20.04)"
"1/26/2026","1/26/2026","1/27/2026","ONDS","ONDS 1/30/2026 Call $13.00","STO","1","$0.20","$19.95"
"1/23/2026","1/23/2026","1/26/2026","WULF","WULF 1/23/2026 Call $13.00","OASGN","1","",""
"1/23/2026","1/23/2026","1/26/2026","WULF","TeraWulf
CUSIP: 88080T104
1 WULF Option Assigned","Sell","100","$13.00","$1,299.98"
"1/23/2026","1/23/2026","1/26/2026","CIFR","CIFR 1/23/2026 Call $17.50","BTC","1","$0.18","($18.04)"
"1/23/2026","1/23/2026","1/26/2026","HOOD","HOOD 1/21/2028 Call $200.00","BTO","1","$18.03","($1,803.04)"
"1/23/2026","1/23/2026","1/26/2026","HOOD","HOOD 1/21/2028 Call $210.00","STO","1","$16.62","$1,661.95"
"1/23/2026","1/23/2026","1/26/2026","CIFR","CIFR 1/30/2026 Put $17.50","STO","1","$0.73","$72.95"
"1/23/2026","1/23/2026","1/26/2026","SLB","SLB 3/20/2026 Call $50.00","BTC","1","$3.25","($325.04)"
"1/23/2026","1/23/2026","1/26/2026","SLB","SLB 9/18/2026 Call $57.50","STO","1","$3.45","$344.95"
"1/22/2026","1/22/2026","1/23/2026","CIFR","CIFR 1/23/2026 Call $17.50","STO","1","$0.40","$39.95"
"1/22/2026","1/22/2026","1/23/2026","WULF","WULF 1/23/2026 Call $13.00","STO","1","$0.21","$20.95"
"1/22/2026","1/22/2026","1/23/2026","ZETA","ZETA 1/21/2028 Call $35.00","STO","1","$5.89","$588.95"
"1/22/2026","1/22/2026","1/23/2026","ZETA","ZETA 1/21/2028 Call $30.00","BTO","1","$6.87","($687.04)"
"1/22/2026","1/22/2026","1/23/2026","ZETA","ZETA 1/23/2026 Put $20.00","BTC","1","$0.17","($17.04)"
"1/22/2026","1/22/2026","1/23/2026","QS","QS 1/23/2026 Call $11.50","BTC","1","$0.41","($41.04)"
"1/22/2026","1/22/2026","1/23/2026","QS","QS 2/20/2026 Call $14.00","STO","1","$0.57","$56.95"
"1/21/2026","1/21/2026","1/22/2026","VLN","Valens Semiconductor
CUSIP: M9607U115","Buy","100","$1.98","($197.93)"
"1/21/2026","1/21/2026","1/22/2026","PYPL","PYPL 1/15/2027 Call $85.00","STO","3","$2.25","$674.87"
"1/21/2026","1/21/2026","1/22/2026","PYPL","PYPL 1/15/2027 Call $80.00","BTO","3","$2.86","($858.12)"
"1/21/2026","1/21/2026","1/22/2026","ONDS","ONDS 1/30/2026 Call $16.00","BTC","1","$0.18","($18.04)"
"1/21/2026","1/21/2026","1/22/2026","ZETA","ZETA 1/21/2028 Call $35.00","STO","1","$5.30","$529.95"
"1/21/2026","1/21/2026","1/22/2026","ZETA","ZETA 1/21/2028 Call $30.00","BTO","1","$6.18","($618.04)"
"1/21/2026","1/21/2026","1/22/2026","BMNR","BMNR 1/15/2027 Call $100.00","STO","1","$2.70","$269.95"
"1/21/2026","1/21/2026","1/22/2026","BMNR","BMNR 1/15/2027 Call $75.00","BTO","1","$3.90","($390.04)"
"1/21/2026","1/21/2026","1/22/2026","QS","QS 1/23/2026 Call $11.50","STO","1","$0.23","$22.95"
"1/21/2026","1/21/2026","1/22/2026","QS","QS 1/21/2028 Call $25.00","STO","2","$3.49","$697.91"
"1/21/2026","1/21/2026","1/22/2026","QS","QS 1/21/2028 Call $20.00","BTO","2","$4.09","($818.08)"
"1/21/2026","1/21/2026","1/22/2026","VPG","VPG 11/20/2026 Call $55.00","BTO","2","$8.85","($1,770.08)"
"1/21/2026","1/21/2026","1/22/2026","VPG","VPG 11/20/2026 Call $60.00","STO","2","$7.55","$1,509.91"
"1/21/2026","1/21/2026","1/22/2026","BMNR","BMNR 1/21/2028 Call $85.00","BTO","3","$8.10","($2,430.12)"
"1/21/2026","1/21/2026","1/22/2026","BMNR","BMNR 1/21/2028 Call $90.00","STO","3","$7.75","$2,324.87"
"1/21/2026","1/21/2026","1/22/2026","BMNR","BMNR 1/21/2028 Call $85.00","BTO","2","$8.10","($1,620.08)"
"1/21/2026","1/21/2026","1/22/2026","BMNR","BMNR 1/21/2028 Call $90.00","STO","2","$7.75","$1,549.91"
"1/21/2026","1/21/2026","1/22/2026","DUOL","DUOL 1/15/2027 Put $300.00","BTC","1","$162.75","($16,275.04)"
"1/21/2026","1/21/2026","1/22/2026","DUOL","DUOL 1/15/2027 Put $290.00","STC","1","$153.50","$15,349.95"
"1/21/2026","1/21/2026","1/22/2026","MARA","MARA 12/17/2027 Call $35.00","STO","1","$1.79","$178.95"
"1/21/2026","1/21/2026","1/22/2026","MARA","MARA 12/17/2027 Call $30.00","BTO","1","$2.13","($213.04)"
"1/21/2026","1/21/2026","1/22/2026","GTLB","GTLB 9/18/2026 Put $60.00","OEXCS","1S","",""
"1/21/2026","1/21/2026","1/22/2026","GTLB","GitLab
CUSIP: 37637K108
1 GTLB Option Exercised","Sell","100","$60.00","$5,999.98"
"1/20/2026","1/20/2026","1/21/2026","GTLB","GTLB 9/18/2026 Put $70.00","OASGN","1","",""
"1/20/2026","1/20/2026","1/21/2026","GTLB","GitLab
CUSIP: 37637K108
1 GTLB Option Assigned","Buy","100","$70.00","($7,000.00)"
"1/20/2026","1/20/2026","1/21/2026","BMNR","BitMine Immersion Technologies
CUSIP: 09175A206","Sell","100","$27.85","$2,784.98"
"1/20/2026","1/20/2026","1/21/2026","RDW","RDW 1/30/2026 Call $13.00","STO","1","$0.25","$24.95"
"1/20/2026","1/20/2026","1/21/2026","ENVX","Enovix
CUSIP: 293594107","Sell","0.10004","$7.32","$0.73"
"1/20/2026","1/20/2026","1/21/2026","ENVX","Enovix
CUSIP: 293594107","Sell","100","$7.32","$732.48"
"1/20/2026","1/20/2026","1/21/2026","ENVX","ENVX 4/17/2026 Call $13.00","BTC","1","$0.30","($30.04)"
"1/20/2026","1/20/2026","1/21/2026","ZETA","ZETA 1/23/2026 Put $20.00","STO","1","$0.52","$51.95"
"1/16/2026","1/16/2026","1/20/2026","NKE","Option Expiration for NKE 1/16/2026 Call $180.00","OEXP","12","",""
"1/16/2026","1/16/2026","1/20/2026","SNAP","Option Expiration for SNAP 1/16/2026 Call $17.00","OEXP","3","",""
"1/16/2026","1/16/2026","1/20/2026","BMNR","Option Expiration for BMNR 1/16/2026 Call $75.00","OEXP","1","",""
"1/16/2026","1/16/2026","1/20/2026","PFE","Option Expiration for PFE 1/16/2026 Call $40.00","OEXP","16","",""
"1/16/2026","1/16/2026","1/20/2026","CLSK","Option Expiration for CLSK 1/16/2026 Call $35.00","OEXP","18","",""
"1/16/2026","1/16/2026","1/20/2026","PFE","Option Expiration for PFE 1/16/2026 Call $50.00","OEXP","10","",""
"1/16/2026","1/16/2026","1/20/2026","GRAB","Option Expiration for GRAB 1/16/2026 Call $7.50","OEXP","2","",""
"1/16/2026","1/16/2026","1/20/2026","GRAB","GRAB 1/16/2026 Put $4.50","OASGN","1","",""
"1/16/2026","1/16/2026","1/20/2026","GRAB","Grab
CUSIP: G4124C109
1 GRAB Option Assigned","Buy","100","$4.50","($450.00)"
"1/16/2026","1/16/2026","1/20/2026","VG","VG 1/16/2026 Call $8.50","OASGN","1","",""
"1/16/2026","1/16/2026","1/20/2026","VG","Venture Global
CUSIP: 92333F101
1 VG Option Assigned","Sell","100","$8.50","$849.98"
"1/16/2026","1/16/2026","1/20/2026","ENVX","Option Expiration for ENVX 1/16/2026 Call $25.00","OEXP","2","",""
"1/16/2026","1/16/2026","1/20/2026","BMNR","Option Expiration for BMNR 1/16/2026 Call $50.00","OEXP","1S","",""
"1/16/2026","1/16/2026","1/20/2026","PFE","Option Expiration for PFE 1/16/2026 Call $47.50","OEXP","10S","",""
"1/16/2026","1/16/2026","1/20/2026","PFE","Option Expiration for PFE 1/16/2026 Call $35.00","OEXP","17S","",""
"1/16/2026","1/16/2026","1/20/2026","ENVX","Option Expiration for ENVX 1/16/2026 Call $20.00","OEXP","2S","",""
"1/16/2026","1/16/2026","1/20/2026","SNAP","Option Expiration for SNAP 1/16/2026 Call $15.00","OEXP","3S","",""
"1/16/2026","1/16/2026","1/20/2026","NKE","Option Expiration for NKE 1/16/2026 Call $175.00","OEXP","12S","",""
"1/16/2026","1/16/2026","1/20/2026","CLSK","Option Expiration for CLSK 1/16/2026 Call $30.00","OEXP","18S","",""
"1/16/2026","1/16/2026","1/20/2026","GRAB","Option Expiration for GRAB 1/16/2026 Call $5.50","OEXP","2S","",""
"1/16/2026","1/16/2026","1/20/2026","ZETA","ZETA 1/23/2026 Put $19.50","BTC","1","$0.32","($32.04)"
"1/16/2026","1/16/2026","1/20/2026","ZETA","ZETA 1/23/2026 Put $19.50","STO","1","$0.28","$27.95"
"1/16/2026","1/16/2026","1/20/2026","CIFR","CIFR 1/16/2026 Call $19.00","BTC","1","$0.03","($3.04)"
"1/16/2026","1/16/2026","1/20/2026","VG","VG 1/16/2026 Call $8.50","STO","1","$0.10","$9.95"
"1/16/2026","1/16/2026","1/20/2026","RDW","RDW 1/16/2026 Call $12.50","BTC","1","$0.05","($5.04)"
"1/16/2026","1/16/2026","1/20/2026","CIFR","CIFR 1/16/2026 Call $19.00","STO","1","$0.32","$31.95"
"1/16/2026","1/16/2026","1/20/2026","RDW","RDW 1/16/2026 Call $12.50","STO","1","$0.25","$24.95"
"1/16/2026","1/16/2026","1/20/2026","WULF","WULF 1/16/2026 Call $14.00","BTC","1","$0.25","($25.04)"
"1/16/2026","1/16/2026","1/20/2026","WULF","WULF 1/16/2026 Call $9.00","STC","1","$5.00","$499.95"
"1/15/2026","1/15/2026","1/16/2026","GRAB","GRAB 1/16/2026 Put $4.50","STO","1","$0.15","$14.95"
"1/14/2026","1/14/2026","1/15/2026","BMNR","BMNR 1/21/2028 Call $85.00","BTO","5","$10.47","($5,235.20)"
"1/14/2026","1/14/2026","1/15/2026","BMNR","BMNR 1/21/2028 Call $90.00","STO","5","$10.02","$5,009.78"
"1/14/2026","1/14/2026","1/15/2026","BMNR","BMNR 1/15/2027 Call $100.00","STO","2","$4.45","$889.91"
"1/14/2026","1/14/2026","1/15/2026","BMNR","BMNR 1/15/2027 Call $75.00","BTO","2","$6.30","($1,260.08)"
"1/13/2026","1/13/2026","1/14/2026","BMNR","BMNR 1/15/2027 Call $100.00","STO","1","$3.58","$357.95"
"1/13/2026","1/13/2026","1/14/2026","BMNR","BMNR 1/15/2027 Call $75.00","BTO","1","$5.38","($538.04)"
"1/13/2026","1/13/2026","1/14/2026","BMNR","BMNR 1/16/2026 Put $38.00","OEXCS","1S","",""
"1/13/2026","1/13/2026","1/14/2026","BMNR","BitMine Immersion Technologies
CUSIP: 09175A206
1 BMNR Option Exercised","Sell","100","$38.00","$3,799.98"
"1/13/2026","1/13/2026","1/14/2026","VG","Venture Global
CUSIP: 92333F101","Buy","200","$8.12","($1,624.00)"
"1/13/2026","1/13/2026","1/14/2026","OSS","OSS 1/16/2026 Call $10.00","BTC","1","$1.33","($133.04)"
"1/13/2026","1/13/2026","1/14/2026","OSS","OSS 5/15/2026 Call $17.50","STO","1","$1.63","$162.95"
"1/13/2026","1/13/2026","1/14/2026","VG","VG 1/15/2027 Call $20.00","BTO","3","$0.59","($177.12)"
"1/12/2026","1/12/2026","1/13/2026","BMNR","BMNR 1/16/2026 Put $48.00","OASGN","1","",""
"1/12/2026","1/12/2026","1/13/2026","BMNR","BitMine Immersion Technologies
CUSIP: 09175A206
1 BMNR Option Assigned","Buy","100","$48.00","($4,800.00)"
"1/12/2026","1/12/2026","1/13/2026","TLT","TLT 7/17/2026 Call $100.00","BTO","1","$0.27","($27.04)"
"1/12/2026","1/12/2026","1/13/2026","C","C 12/15/2028 Call $180.00","STO","1","$8.37","$836.95"
"1/12/2026","1/12/2026","1/13/2026","C","C 12/15/2028 Call $170.00","BTO","1","$10.01","($1,001.04)"
"1/12/2026","1/12/2026","1/13/2026","AMPX","AMPX 1/16/2026 Put $9.00","BTC","1","$0.10","($10.04)"
"1/9/2026","1/9/2026","1/12/2026","CIFR","CIFR 1/9/2026 Call $17.00","BTC","1","$0.53","($53.04)"
"1/9/2026","1/9/2026","1/12/2026","CIFR","CIFR 1/30/2026 Call $21.00","STO","1","$0.55","$54.95"
"1/9/2026","1/9/2026","1/12/2026","ZETA","ZETA 1/21/2028 Call $35.00","STO","1","$7.68","$767.95"
"1/9/2026","1/9/2026","1/12/2026","ZETA","ZETA 1/21/2028 Call $30.00","BTO","1","$8.88","($888.04)"
"1/9/2026","1/9/2026","1/12/2026","WULF","WULF 1/9/2026 Call $13.50","BTC","1","$0.24","($24.04)"
"1/9/2026","1/9/2026","1/12/2026","CIFR","CIFR 1/9/2026 Call $17.00","STO","1","$0.30","$29.95"
"1/9/2026","1/9/2026","1/12/2026","OSS","OSS 1/16/2026 Call $10.00","STO","1","$0.15","$14.95"
"1/8/2026","1/8/2026","1/9/2026","BMNR","BMNR 1/9/2026 Call $35.00","BTC","1","$0.06","($6.04)"
"1/8/2026","1/8/2026","1/9/2026","ONDS","ONDS 1/9/2026 Call $13.50","BTC","1","$0.99","($99.04)"
"1/8/2026","1/8/2026","1/9/2026","ONDS","ONDS 1/30/2026 Call $16.00","STO","1","$1.06","$105.95"
"1/7/2026","1/7/2026","1/8/2026","OSS","One Stop Systems
CUSIP: 68247W109","Buy","100","$7.66","($766.00)"
"1/7/2026","1/7/2026","1/8/2026","ENPH","ENPH 1/15/2027 Call $75.00","BTC","1","$2.20","($220.04)"
"1/7/2026","1/7/2026","1/8/2026","PATH","PATH 5/15/2026 Put $27.00","BTC","1","$10.38","($1,038.04)"
"1/7/2026","1/7/2026","1/8/2026","PATH","PATH 5/15/2026 Put $22.00","STC","1","$5.78","$577.95"
"1/7/2026","1/7/2026","1/8/2026","WULF","WULF 1/16/2026 Call $14.00","STO","1","$0.41","$40.95"
"1/7/2026","1/7/2026","1/8/2026","WULF","WULF 1/9/2026 Call $13.50","STO","1","$0.26","$25.95"
"1/7/2026","1/7/2026","1/8/2026","ONDS","ONDS 1/9/2026 Call $13.50","STO","1","$0.22","$21.95"
"1/6/2026","1/6/2026","1/7/2026","VG","VG 1/30/2026 Put $6.00","BTC","1","$0.20","($20.04)"
"1/6/2026","1/6/2026","1/7/2026","WULF","WULF 2/20/2026 Call $19.00","BTC","1","$0.30","($30.04)"
"1/6/2026","1/6/2026","1/7/2026","RDW","RDW 2/20/2026 Call $10.00","BTC","1","$2.00","($200.04)"
"1/6/2026","1/6/2026","1/7/2026","RDW","RDW 8/21/2026 Call $17.00","STO","1","$2.10","$209.95"
"1/6/2026","1/6/2026","1/7/2026","AMPX","AMPX 1/16/2026 Put $9.00","STO","1","$0.55","$54.95"
"1/6/2026","1/6/2026","1/7/2026","AMKR","AMKR 3/20/2026 Call $50.00","BTC","1","$7.22","($722.04)"
"1/6/2026","1/6/2026","1/7/2026","AMKR","AMKR 1/15/2027 Call $70.00","STO","1","$7.89","$788.95"
"1/5/2026","1/5/2026","1/6/2026","RDW","RDW 1/21/2028 Call $20.00","STO","1","$4.50","$449.95"
"1/5/2026","1/5/2026","1/6/2026","RDW","RDW 1/21/2028 Call $15.00","BTO","1","$5.00","($500.04)"
"1/5/2026","1/5/2026","1/6/2026","QS","QS 2/20/2026 Call $25.00","BTC","1","$0.12","($12.04)"
"1/5/2026","1/5/2026","1/6/2026","QXO","QXO
CUSIP: 82846H405","Buy","10","$22.66","($226.55)"
"1/5/2026","1/5/2026","1/6/2026","SLB","SLB 3/20/2026 Call $50.00","STO","1","$0.70","$69.95"
"1/5/2026","1/5/2026","1/6/2026","BMNR","BMNR 1/9/2026 Call $35.00","STO","1","$0.43","$42.95"
"1/5/2026","1/5/2026","1/5/2026","","Gold Subscription Fee","GOLD","","","($5.00)"
"1/5/2026","1/5/2026","1/6/2026","SLB","SLB Limited
CUSIP: 806857108","Buy","100","$44.85","($4,485.00)"
""
"","","","","","","","","","The data provided is for informational purposes only. Please consult a professional tax service or personal tax advisor if you need instructions on how to calculate cost basis or questions regarding your specific tax situation. Reminder: This data does not include Robinhood Crypto or Robinhood Spending activity."
