ticker,strategy,entry_date,exit_date,exit_reason,strike,entry_spot,exit_spot,entry_premium,exit_premium,entry_delta,days_held,pnl_usd,assigned
AMKR,managed_cc,2025-09-18,2025-10-23,EXPIRED_OTM,32.65999984741211,29.15999984741211,31.979999542236328,0.8109335606930763,0.0,0.28670057239612873,35,81.09335606930763,False
AMKR,managed_cc,2025-10-24,2025-11-28,EXPIRED_OTM,37.27000045776367,32.77000045776367,36.38999938964844,1.0365412712101865,0.0,0.28959977299185274,35,103.65412712101865,False
AMKR,managed_cc,2025-12-01,2026-01-05,ASSIGNED_RIDE,44.2400016784668,37.7400016784668,48.130001068115234,1.6073412622688483,0.0,0.3062543728195498,35,160.73412622688483,True
AMKR,unmanaged_cc,2025-09-18,2025-10-23,EXPIRED_OTM,32.65999984741211,29.15999984741211,31.979999542236328,0.8109335606930763,0.0,0.28670057239612873,35,81.09335606930763,False
AMKR,unmanaged_cc,2025-10-24,2025-11-28,EXPIRED_OTM,37.27000045776367,32.77000045776367,36.38999938964844,1.0365412712101865,0.0,0.28959977299185274,35,103.65412712101865,False
AMKR,unmanaged_cc,2025-12-01,2026-01-05,ASSIGNED_OTM_END,44.2400016784668,37.7400016784668,48.130001068115234,1.6073412622688483,0.0,0.3062543728195498,35,160.73412622688483,True
SLB,managed_cc,2026-01-05,2026-02-09,ASSIGNED_RIDE,47.29999923706055,43.79999923706055,50.540000915527344,1.0022525375984799,0.0,0.3033290900097835,35,100.22525375984799,True
SLB,unmanaged_cc,2026-01-05,2026-02-09,ASSIGNED_OTM_END,47.29999923706055,43.79999923706055,50.540000915527344,1.0022525375984799,0.0,0.3033290900097835,35,100.22525375984799,True
WULF,managed_cc,2025-08-14,2025-09-18,EXPIRED_OTM,13.810000038146955,8.710000038146973,11.170000076293945,0.7251633393675772,0.0,0.30158571107138976,35,145.03266787351544,False
WULF,managed_cc,2025-09-19,2025-10-24,EXPIRED_OTM,16.979999542236307,10.979999542236328,13.710000038146973,0.8791411108162217,0.0,0.300428031697506,35,175.82822216324433,False
WULF,managed_cc,2025-10-27,2025-12-01,EXPIRED_OTM,16.440000343322744,13.640000343322754,15.300000190734863,0.6230101034091349,0.0,0.2996527106597979,35,124.60202068182697,False
WULF,managed_cc,2025-12-02,2026-01-06,EXPIRED_OTM,19.22000026702879,14.220000267028809,13.180000305175781,0.892849854532225,0.0,0.2978698886603527,35,178.569970906445,False
WULF,managed_cc,2026-01-07,2026-02-11,ROLLED,15.889999771118152,12.489999771118164,16.030000686645508,0.6788772291530063,0.14000091552735583,0.2986877290685821,35,107.77526272513009,
WULF,managed_cc,2026-02-11,2026-03-18,EXPIRED_OTM,20.830000686645576,16.030000686645508,15.300000190734863,0.9401551165845468,0.0,0.3013274271674885,35,188.03102331690934,False
WULF,managed_cc,2026-03-19,2026-04-23,EXPIRED_OTM,20.539999771118147,15.739999771118164,20.3700008392334,0.9248620272829977,0.0,0.30006653250254495,35,184.97240545659955,False
WULF,managed_cc,2026-04-24,2026-05-01,EOD_OPEN,24.010000228881836,20.010000228881836,21.309999465942383,0.8599324804871573,1.17073692232813,0.2939884759383057,7,-62.160888368194556,False
WULF,unmanaged_cc,2025-08-14,2025-09-18,EXPIRED_OTM,13.810000038146955,8.710000038146973,11.170000076293945,0.7251633393675772,0.0,0.30158571107138976,35,145.03266787351544,False
WULF,unmanaged_cc,2025-09-19,2025-10-24,EXPIRED_OTM,16.979999542236307,10.979999542236328,13.710000038146973,0.8791411108162217,0.0,0.300428031697506,35,175.82822216324433,False
WULF,unmanaged_cc,2025-10-27,2025-12-01,EXPIRED_OTM,16.440000343322744,13.640000343322754,15.300000190734863,0.6230101034091349,0.0,0.2996527106597979,35,124.60202068182697,False
WULF,unmanaged_cc,2025-12-02,2026-01-06,EXPIRED_OTM,19.22000026702879,14.220000267028809,13.180000305175781,0.892849854532225,0.0,0.2978698886603527,35,178.569970906445,False
WULF,unmanaged_cc,2026-01-07,2026-02-11,ASSIGNED_OTM_END,15.889999771118152,12.489999771118164,16.030000686645508,0.6788772291530063,0.0,0.2986877290685821,35,135.77544583060126,True
VG,managed_cc,2025-05-09,2025-06-13,ASSIGNED_RIDE,12.050000381469717,9.350000381469727,17.639999389648438,0.5264634900713991,0.0,0.2986180097661089,35,157.93904702141975,True
VG,unmanaged_cc,2025-05-09,2025-06-13,ASSIGNED_OTM_END,12.050000381469717,9.350000381469727,17.639999389648438,0.5264634900713991,0.0,0.2986180097661089,35,157.93904702141975,True
QXO,managed_cc,2025-06-06,2025-07-11,EXPIRED_OTM,22.900000000000055,19.0,21.170000076293945,0.8861569768721145,0.0,0.3024390282267858,35,177.2313953744229,False
QXO,managed_cc,2025-07-14,2025-08-18,EXPIRED_OTM,24.049999237060547,21.049999237060547,20.6299991607666,0.7841462658020033,0.0,0.30651302321088236,35,156.82925316040067,False
QXO,managed_cc,2025-08-22,2025-09-26,EXPIRED_OTM,22.389999389648438,20.389999389648438,18.790000915527344,0.5457471753286809,0.0,0.3016019884681032,35,109.14943506573618,False
QXO,managed_cc,2025-10-02,2025-11-06,EXPIRED_OTM,22.409999847412145,19.90999984741211,16.139999389648438,0.6524640263184871,0.0,0.302410717887058,35,130.49280526369742,False
QXO,managed_cc,2025-12-02,2026-01-06,ASSIGNED_RIDE,22.129999923706094,19.329999923706055,23.979999542236328,0.7100573259351997,0.0,0.3032327088983385,35,142.01146518703993,True
QXO,unmanaged_cc,2025-06-06,2025-07-11,EXPIRED_OTM,22.900000000000055,19.0,21.170000076293945,0.8861569768721145,0.0,0.3024390282267858,35,177.2313953744229,False
QXO,unmanaged_cc,2025-07-14,2025-08-18,EXPIRED_OTM,24.049999237060547,21.049999237060547,20.6299991607666,0.7841462658020033,0.0,0.30651302321088236,35,156.82925316040067,False
QXO,unmanaged_cc,2025-08-22,2025-09-26,EXPIRED_OTM,22.389999389648438,20.389999389648438,18.790000915527344,0.5457471753286809,0.0,0.3016019884681032,35,109.14943506573618,False
QXO,unmanaged_cc,2025-10-02,2025-11-06,EXPIRED_OTM,22.409999847412145,19.90999984741211,16.139999389648438,0.6524640263184871,0.0,0.302410717887058,35,130.49280526369742,False
QXO,unmanaged_cc,2025-12-02,2026-01-06,ASSIGNED_OTM_END,22.129999923706094,19.329999923706055,23.979999542236328,0.7100573259351997,0.0,0.3032327088983385,35,142.01146518703993,True
GRAB,managed_cc,2025-05-05,2025-06-09,EXPIRED_OTM,5.760000133514401,4.860000133514404,4.980000019073486,0.21057588355575985,0.0,0.3019297801508924,35,147.4031184890319,False
GRAB,managed_cc,2025-06-10,2025-07-15,EXPIRED_OTM,5.079999828338622,4.679999828338623,5.039999961853027,0.10515834140238445,0.0,0.29453731409421124,35,73.61083898166912,False
GRAB,managed_cc,2025-07-16,2025-08-20,EXPIRED_OTM,5.630000114440916,5.130000114440918,5.03000020980835,0.1435605072573336,0.0,0.3075316248850818,35,100.49235508013352,False
GRAB,managed_cc,2025-08-21,2025-09-25,ASSIGNED_RIDE,5.4100002288818345,5.010000228881836,6.25,0.13547792522786195,0.0,0.3228933786521917,35,94.83454765950337,True
GRAB,unmanaged_cc,2025-05-05,2025-06-09,EXPIRED_OTM,5.760000133514401,4.860000133514404,4.980000019073486,0.21057588355575985,0.0,0.3019297801508924,35,147.4031184890319,False
GRAB,unmanaged_cc,2025-06-10,2025-07-15,EXPIRED_OTM,5.079999828338622,4.679999828338623,5.039999961853027,0.10515834140238445,0.0,0.29453731409421124,35,73.61083898166912,False
GRAB,unmanaged_cc,2025-07-16,2025-08-20,EXPIRED_OTM,5.630000114440916,5.130000114440918,5.03000020980835,0.1435605072573336,0.0,0.3075316248850818,35,100.49235508013352,False
GRAB,unmanaged_cc,2025-08-21,2025-09-25,ASSIGNED_OTM_END,5.4100002288818345,5.010000228881836,6.25,0.13547792522786195,0.0,0.3228933786521917,35,94.83454765950337,True
CIFR,managed_cc,2025-09-12,2025-10-17,ASSIGNED_RIDE,14.650000381469713,10.850000381469727,18.760000228881836,0.6852993141312615,0.0,0.2990495238222721,35,68.52993141312615,True
CIFR,unmanaged_cc,2025-09-12,2025-10-17,ASSIGNED_OTM_END,14.650000381469713,10.850000381469727,18.760000228881836,0.6852993141312615,0.0,0.2990495238222721,35,68.52993141312615,True
SOFI,managed_cc,2025-07-16,2025-08-20,EXPIRED_OTM,23.889999389648438,21.389999389648438,22.520000457763672,0.556511380797839,0.0,0.28126730192561816,35,166.9534142393517,False
SOFI,managed_cc,2025-08-21,2025-09-25,ASSIGNED_RIDE,25.829999923706055,23.329999923706055,28.1200008392334,0.7539101733889222,0.0,0.31576857386378454,35,226.17305201667665,True
SOFI,unmanaged_cc,2025-07-16,2025-08-20,EXPIRED_OTM,23.889999389648438,21.389999389648438,22.520000457763672,0.556511380797839,0.0,0.28126730192561816,35,166.9534142393517,False
SOFI,unmanaged_cc,2025-08-21,2025-09-25,ASSIGNED_OTM_END,25.829999923706055,23.329999923706055,28.1200008392334,0.7539101733889222,0.0,0.31576857386378454,35,226.17305201667665,True
DLO,managed_cc,2025-05-16,2025-06-20,EXPIRED_OTM,13.165000343322749,11.765000343322754,10.199999809265137,0.35175312488191546,0.0,0.29628694180716897,35,35.175312488191544,False
DLO,managed_cc,2025-08-14,2025-09-18,EXPIRED_OTM,19.350000381469712,15.350000381469727,14.890000343322754,0.8200305526909677,0.0,0.300021742979932,35,82.00305526909676,False
DLO,managed_cc,2025-09-19,2025-10-24,EXPIRED_OTM,18.98999977111815,14.989999771118164,15.130000114440918,0.8204648675950694,0.0,0.3013564889823077,35,82.04648675950695,False
DLO,managed_cc,2025-10-27,2025-12-01,EXPIRED_OTM,17.480000114440912,15.380000114440918,13.0600004196167,0.5290564120170043,0.0,0.3005236188013334,35,52.905641201700426,False
DLO,managed_cc,2025-12-02,2026-01-06,ASSIGNED_NO_CREDIT,14.540000343322749,13.140000343322754,15.140000343322754,0.3793620604254615,0.600000000000005,0.302659976911955,35,-22.063793957454347,True
DLO,unmanaged_cc,2025-05-16,2025-06-20,EXPIRED_OTM,13.165000343322749,11.765000343322754,10.199999809265137,0.35175312488191546,0.0,0.29628694180716897,35,35.175312488191544,False
DLO,unmanaged_cc,2025-08-14,2025-09-18,EXPIRED_OTM,19.350000381469712,15.350000381469727,14.890000343322754,0.8200305526909677,0.0,0.300021742979932,35,82.00305526909676,False
DLO,unmanaged_cc,2025-09-19,2025-10-24,EXPIRED_OTM,18.98999977111815,14.989999771118164,15.130000114440918,0.8204648675950694,0.0,0.3013564889823077,35,82.04648675950695,False
DLO,unmanaged_cc,2025-10-27,2025-12-01,EXPIRED_OTM,17.480000114440912,15.380000114440918,13.0600004196167,0.5290564120170043,0.0,0.3005236188013334,35,52.905641201700426,False
DLO,unmanaged_cc,2025-12-02,2026-01-06,ASSIGNED_OTM_END,14.540000343322749,13.140000343322754,15.140000343322754,0.3793620604254615,0.0,0.302659976911955,35,37.93620604254615,True
BTBT,managed_cc,2025-05-05,2025-06-09,ASSIGNED_RIDE,2.3800000190734867,1.9800000190734863,2.6500000953674316,0.08181737147968549,0.0,0.2879297031604849,35,73.63563433171694,True
BTBT,unmanaged_cc,2025-05-05,2025-06-09,ASSIGNED_OTM_END,2.3800000190734867,1.9800000190734863,2.6500000953674316,0.08181737147968549,0.0,0.2879297031604849,35,73.63563433171694,True
ZETA,managed_cc,2025-06-23,2025-07-28,EXPIRED_OTM,20.10999946594243,16.809999465942383,16.049999237060547,0.745317880954576,0.0,0.29970987239923264,35,223.59536428637279,False
ZETA,managed_cc,2025-07-29,2025-09-02,EXPIRED_OTM,18.879999542236316,15.479999542236328,18.530000686645508,0.7478012864702497,0.0,0.3011545835485147,35,224.3403859410749,False
ZETA,managed_cc,2025-09-03,2025-10-08,EXPIRED_OTM,22.87000045776373,18.770000457763672,19.770000457763672,0.9115164944448342,0.0,0.3023471708255788,35,273.45494833345026,False
ZETA,managed_cc,2025-10-09,2025-11-13,EXPIRED_OTM,22.3700008392334,20.3700008392334,18.510000228881836,0.617638828534,0.0,0.3164380925112841,35,185.2916485602,False
ZETA,managed_cc,2025-11-14,2025-12-19,EXPIRED_OTM,21.840000534057666,18.440000534057617,17.989999771118164,0.7990491123187686,0.0,0.30233424524279556,35,239.7147336956306,False
ZETA,managed_cc,2025-12-22,2026-01-26,ASSIGNED_RIDE,20.719999694824253,18.31999969482422,21.06999969482422,0.6096286320854745,0.0,0.3002974367242557,35,182.88858962564234,True
ZETA,unmanaged_cc,2025-06-23,2025-07-28,EXPIRED_OTM,20.10999946594243,16.809999465942383,16.049999237060547,0.745317880954576,0.0,0.29970987239923264,35,223.59536428637279,False
ZETA,unmanaged_cc,2025-07-29,2025-09-02,EXPIRED_OTM,18.879999542236316,15.479999542236328,18.530000686645508,0.7478012864702497,0.0,0.3011545835485147,35,224.3403859410749,False
ZETA,unmanaged_cc,2025-09-03,2025-10-08,EXPIRED_OTM,22.87000045776373,18.770000457763672,19.770000457763672,0.9115164944448342,0.0,0.3023471708255788,35,273.45494833345026,False
ZETA,unmanaged_cc,2025-10-09,2025-11-13,EXPIRED_OTM,22.3700008392334,20.3700008392334,18.510000228881836,0.617638828534,0.0,0.3164380925112841,35,185.2916485602,False
ZETA,unmanaged_cc,2025-11-14,2025-12-19,EXPIRED_OTM,21.840000534057666,18.440000534057617,17.989999771118164,0.7990491123187686,0.0,0.30233424524279556,35,239.7147336956306,False
ZETA,unmanaged_cc,2025-12-22,2026-01-26,ASSIGNED_OTM_END,20.719999694824253,18.31999969482422,21.06999969482422,0.6096286320854745,0.0,0.3002974367242557,35,182.88858962564234,True
RR,managed_cc,2025-05-16,2025-06-20,EXPIRED_OTM,3.3799999237060554,2.5799999237060547,1.7899999618530273,0.13880322917320997,0.0,0.2863098223210666,35,27.760645834641995,False
RR,managed_cc,2025-08-26,2025-09-30,ASSIGNED_RIDE,4.1500000953674325,3.1500000953674316,4.289999961853027,0.18346799325351792,0.0,0.2954792299533026,35,36.693598650703585,True
RR,unmanaged_cc,2025-05-16,2025-06-20,EXPIRED_OTM,3.3799999237060554,2.5799999237060547,1.7899999618530273,0.13880322917320997,0.0,0.2863098223210666,35,27.760645834641995,False
RR,unmanaged_cc,2025-08-26,2025-09-30,ASSIGNED_OTM_END,4.1500000953674325,3.1500000953674316,4.289999961853027,0.18346799325351792,0.0,0.2954792299533026,35,36.693598650703585,True
VLN,managed_cc,2025-05-05,2025-06-09,EXPIRED_OTM,3.2400000095367436,2.740000009536743,2.1600000858306885,0.1027914397566374,0.0,0.2846648400410607,35,10.27914397566374,False
VLN,managed_cc,2025-06-10,2025-07-15,ASSIGNED_RIDE,2.450000095367432,2.1500000953674316,2.549999952316284,0.07650128087052188,0.0,0.3027173572427069,35,7.650128087052188,True
VLN,unmanaged_cc,2025-05-05,2025-06-09,EXPIRED_OTM,3.2400000095367436,2.740000009536743,2.1600000858306885,0.1027914397566374,0.0,0.2846648400410607,35,10.27914397566374,False
VLN,unmanaged_cc,2025-06-10,2025-07-15,ASSIGNED_OTM_END,2.450000095367432,2.1500000953674316,2.549999952316284,0.07650128087052188,0.0,0.3027173572427069,35,7.650128087052188,True
HOOD,managed_cc,2025-05-05,2025-06-09,ASSIGNED_RIDE,60.54999923706055,48.04999923706055,73.4000015258789,2.5194201798963682,0.0,0.2975902483464804,35,251.94201798963684,True
HOOD,unmanaged_cc,2025-05-05,2025-06-09,ASSIGNED_OTM_END,60.54999923706055,48.04999923706055,73.4000015258789,2.5194201798963682,0.0,0.2975902483464804,35,251.94201798963684,True
TTD,managed_cc,2025-05-05,2025-06-09,ASSIGNED_RIDE,67.0,55.5,71.48999786376953,2.627987335618897,0.0,0.30362260784680395,35,525.5974671237794,True
TTD,unmanaged_cc,2025-05-05,2025-06-09,ASSIGNED_OTM_END,67.0,55.5,71.48999786376953,2.627987335618897,0.0,0.30362260784680395,35,525.5974671237794,True
RDW,managed_cc,2025-05-05,2025-06-09,ASSIGNED_RIDE,15.549999809265122,11.449999809265137,19.959999084472656,0.7412246670090821,0.0,0.3008424417519196,35,222.36740010272462,True
RDW,unmanaged_cc,2025-05-05,2025-06-09,ASSIGNED_OTM_END,15.549999809265122,11.449999809265137,19.959999084472656,0.7412246670090821,0.0,0.3008424417519196,35,222.36740010272462,True
PATH,managed_cc,2025-05-07,2025-06-11,EXPIRED_OTM,13.90000038146972,12.100000381469727,12.970000267028809,0.45385666097297017,0.0,0.3033999356585433,35,90.77133219459404,False
PATH,managed_cc,2025-06-12,2025-07-17,EXPIRED_OTM,13.659999847412106,12.65999984741211,12.329999923706055,0.2549531133220819,0.0,0.28972484938093124,35,50.990622664416385,False
PATH,managed_cc,2025-09-22,2025-10-27,ASSIGNED_RIDE,14.34000034332275,13.140000343322754,17.389999389648438,0.32768783465653817,0.0,0.3002088141521194,35,65.53756693130764,True
PATH,unmanaged_cc,2025-05-07,2025-06-11,EXPIRED_OTM,13.90000038146972,12.100000381469727,12.970000267028809,0.45385666097297017,0.0,0.3033999356585433,35,90.77133219459404,False
PATH,unmanaged_cc,2025-06-12,2025-07-17,EXPIRED_OTM,13.659999847412106,12.65999984741211,12.329999923706055,0.2549531133220819,0.0,0.28972484938093124,35,50.990622664416385,False
PATH,unmanaged_cc,2025-09-22,2025-10-27,ASSIGNED_OTM_END,14.34000034332275,13.140000343322754,17.389999389648438,0.32768783465653817,0.0,0.3002088141521194,35,65.53756693130764,True
CLSK,managed_cc,2025-05-12,2025-06-16,EXPIRED_OTM,12.619999885559071,9.619999885559082,9.619999885559082,0.5864702909012314,0.0,0.30346636465549803,35,58.64702909012314,False
CLSK,managed_cc,2025-06-25,2025-07-30,EXPIRED_OTM,12.50000038146972,10.600000381469727,11.420000076293945,0.43303005133422756,0.0,0.2972203314175783,35,43.30300513342276,False
CLSK,managed_cc,2025-07-31,2025-09-04,EXPIRED_OTM,13.769999885559074,11.369999885559082,9.079999923706055,0.5269919943858352,0.0,0.2991251284675688,35,52.69919943858352,False
CLSK,managed_cc,2025-09-16,2025-10-21,ASSIGNED_RIDE,12.499999809265132,11.199999809265137,18.770000457763672,0.32869608589083343,0.0,0.2964119493258086,35,32.86960858908334,True
CLSK,unmanaged_cc,2025-05-12,2025-06-16,EXPIRED_OTM,12.619999885559071,9.619999885559082,9.619999885559082,0.5864702909012314,0.0,0.30346636465549803,35,58.64702909012314,False
CLSK,unmanaged_cc,2025-06-25,2025-07-30,EXPIRED_OTM,12.50000038146972,10.600000381469727,11.420000076293945,0.43303005133422756,0.0,0.2972203314175783,35,43.30300513342276,False
CLSK,unmanaged_cc,2025-07-31,2025-09-04,EXPIRED_OTM,13.769999885559074,11.369999885559082,9.079999923706055,0.5269919943858352,0.0,0.2991251284675688,35,52.69919943858352,False
CLSK,unmanaged_cc,2025-09-16,2025-10-21,ASSIGNED_OTM_END,12.499999809265132,11.199999809265137,18.770000457763672,0.32869608589083343,0.0,0.2964119493258086,35,32.86960858908334,True
RZLV,managed_cc,2025-05-05,2025-06-09,EXPIRED_OTM,3.009999895095826,2.109999895095825,2.059999942779541,0.1496897659776829,0.0,0.3005513564924859,35,14.968976597768291,False
RZLV,managed_cc,2025-06-12,2025-07-17,ASSIGNED_RIDE,2.6400001049041752,2.140000104904175,2.869999885559082,0.0937750601462577,0.0,0.28275398900056076,35,9.37750601462577,True
RZLV,unmanaged_cc,2025-05-05,2025-06-09,EXPIRED_OTM,3.009999895095826,2.109999895095825,2.059999942779541,0.1496897659776829,0.0,0.3005513564924859,35,14.968976597768291,False
RZLV,unmanaged_cc,2025-06-12,2025-07-17,ASSIGNED_OTM_END,2.6400001049041752,2.140000104904175,2.869999885559082,0.0937750601462577,0.0,0.28275398900056076,35,9.37750601462577,True
